-,3581820,IID_ANASTASISCARD_UFX,,,3581660,IID_ANASTASISCARD_UFX,,,3586628,IID_ANASTASISCARD_UFX
-,3556159,IID_ANGELROBE,,,3555999,IID_ANGELROBE,,,3560623,IID_ANGELROBE
-,3581210,IID_ANGELROBE_UFX,,,3581050,IID_ANGELROBE_UFX,,,3586018,IID_ANGELROBE_UFX
-,3556280,IID_BOOTS,,,3556120,IID_BOOTS,,,3560744,IID_BOOTS
-,3581363,IID_BOOTS_UFX,,,3581203,IID_BOOTS_UFX,,,3586171,IID_BOOTS_UFX
CHAG,3581764,IID_CHANGEGEM_UFX,,,3581604,IID_CHANGEGEM_UFX,,,3586572,IID_CHANGEGEM_UFX
-,3581723,IID_CHANGESTONE_UFX,,,3581563,IID_CHANGESTONE_UFX,,,3586531,IID_CHANGESTONE_UFX
-,3557430,IID_COIN,,,3557270,IID_COIN,,,3561933,IID_COIN
-,3598178,IID_COIN,,,3598018,IID_COIN,,,3602986,IID_COIN
-,3601572,IID_COIN,,,3601412,IID_COIN,,,3606756,IID_COIN
-,3722316,IID_COIN,,,3722156,IID_COIN,,,3729916,IID_COIN
-,3556376,IID_CONCOCTION,,,3556216,IID_CONCOCTION,,,3560840,IID_CONCOCTION
-,3581519,IID_CONCOCTION,,,3581359,IID_CONCOCTION,,,3586327,IID_CONCOCTION
-,3582028,IID_CONCOCTION,,,3581868,IID_CONCOCTION,,,3586836,IID_CONCOCTION
-,3683412,IID_CONCOCTION,,,3683252,IID_CONCOCTION,,,3690612,IID_CONCOCTION
-,3581607,IID_CONCOCTION_UFX,,,3581447,IID_CONCOCTION_UFX,,,3586415,IID_CONCOCTION_UFX
-,3581802,IID_DEATHCARD_UFX,,,3581642,IID_DEATHCARD_UFX,,,3586610,IID_DEATHCARD_UFX
DELL,3593680,IID_DELICATELANCE,,,3593520,IID_DELICATELANCE,,,3598488,IID_DELICATELANCE
DELS,3593608,IID_DELICATESWORD,,,3593448,IID_DELICATESWORD,,,3598416,IID_DELICATESWORD
-,3556416,IID_DETOXDRUG,,,3556256,IID_DETOXDRUG,,,3560880,IID_DETOXDRUG
-,3568028,IID_DETOXDRUG,,,3567868,IID_DETOXDRUG,,,3572540,IID_DETOXDRUG
-,3582064,IID_DETOXDRUG,,,3581904,IID_DETOXDRUG,,,3586872,IID_DETOXDRUG
-,3581655,IID_DETOXDRUG_UFX,,,3581495,IID_DETOXDRUG_UFX,,,3586463,IID_DETOXDRUG_UFX
-,3555832,IID_DOORKEY,,,3555672,IID_DOORKEY,,,3560296,IID_DOORKEY
-,3560236,IID_DOORKEY,,,3560076,IID_DOORKEY,,,3564740,IID_DOORKEY
-,3568000,IID_DOORKEY,,,3567840,IID_DOORKEY,,,3572512,IID_DOORKEY
-,3568620,IID_DOORKEY,,,3568460,IID_DOORKEY,,,3573132,IID_DOORKEY
-,3581460,IID_DOORKEY_UFX,,,3581300,IID_DOORKEY_UFX,,,3586268,IID_DOORKEY_UFX
-,3556250,IID_DRAGONSHIELD,,,3556090,IID_DRAGONSHIELD,,,3560714,IID_DRAGONSHIELD
-,3581325,IID_DRAGONSHIELD_UFX,,,3581165,IID_DRAGONSHIELD_UFX,,,3586133,IID_DRAGONSHIELD_UFX
-,3556391,IID_ELIXIR,,,3556231,IID_ELIXIR,,,3560855,IID_ELIXIR
-,3581534,IID_ELIXIR,,,3581374,IID_ELIXIR,,,3586342,IID_ELIXIR
-,3582043,IID_ELIXIR,,,3581883,IID_ELIXIR,,,3586851,IID_ELIXIR
-,3581626,IID_ELIXIR_UFX,,,3581466,IID_ELIXIR_UFX,,,3586434,IID_ELIXIR_UFX
-,3568276,IID_ELSILENCE,,,3568116,IID_ELSILENCE,,,3572788,IID_ELSILENCE
-,3582127,IID_ELSILENCE,,,3581967,IID_ELSILENCE,,,3586935,IID_ELSILENCE
-,3582348,IID_ELSILENCE_UFX,,,3582188,IID_ELSILENCE_UFX,,,3587156,IID_ELSILENCE_UFX
-,3568304,IID_ELSLEEP,,,3568144,IID_ELSLEEP,,,3572816,IID_ELSLEEP
-,3582151,IID_ELSLEEP,,,3581991,IID_ELSLEEP,,,3586959,IID_ELSLEEP
-,3582316,IID_ELSLEEP_UFX,,,3582156,IID_ELSLEEP_UFX,,,3587124,IID_ELSLEEP_UFX
-,3556173,IID_ENERGYDROP,,,3556013,IID_ENERGYDROP,,,3560637,IID_ENERGYDROP
-,3581228,IID_ENERGYDROP_UFX,,,3581068,IID_ENERGYDROP_UFX,,,3586036,IID_ENERGYDROP_UFX
-,3587544,IID_FIRE,,,3587384,IID_FIRE,,,3592352,IID_FIRE
-,3593904,IID_FIRE,,,3593744,IID_FIRE,,,3598712,IID_FIRE
-,3528475,IID_FLUTTER,,,3528315,IID_FLUTTER,,,3531787,IID_FLUTTER
-,3529476,IID_FLUTTER,,,3529316,IID_FLUTTER,,,3532788,IID_FLUTTER
-,3581863,IID_FREYRBOMB_UFX,,,3581703,IID_FREYRBOMB_UFX,,,3586671,IID_FREYRBOMB_UFX
-,3556234,IID_GODDESSICON,,,3556074,IID_GODDESSICON,,,3560698,IID_GODDESSICON
-,3581305,IID_GODDESSICON_UFX,,,3581145,IID_GODDESSICON_UFX,,,3586113,IID_GODDESSICON_UFX
GODR,3556144,IID_GODDESSROD,,,3555984,IID_GODDESSROD,,,3560608,IID_GODDESSROD
GODR,3574548,IID_GODDESSROD,,,3574388,IID_GODDESSROD,,,3579340,IID_GODDESSROD
GODR,3581967,IID_GODDESSROD,,,3581807,IID_GODDESSROD,,,3586775,IID_GODDESSROD
GODR,3582471,IID_GODDESSROD_UFX,,,3582311,IID_GODDESSROD_UFX,,,3587279,IID_GODDESSROD_UFX
-,3556108,IID_HAMMERNE,,,3555948,IID_HAMMERNE,,,3560572,IID_HAMMERNE
-,3568364,IID_HAMMERNE,,,3568204,IID_HAMMERNE,,,3572876,IID_HAMMERNE
-,3582163,IID_HAMMERNE,,,3582003,IID_HAMMERNE,,,3586971,IID_HAMMERNE
-,3582440,IID_HAMMERNE_UFX,,,3582280,IID_HAMMERNE_UFX,,,3587248,IID_HAMMERNE_UFX
-,3593796,IID_HANDAXE,,,3593636,IID_HANDAXE,,,3598604,IID_HANDAXE
JAVE,3593736,IID_HANDSPEAR,,,3593576,IID_HANDSPEAR,,,3598544,IID_HANDSPEAR
-,3556353,IID_HERB,,,3556193,IID_HERB,,,3560817,IID_HERB
-,3581496,IID_HERB,,,3581336,IID_HERB,,,3586304,IID_HERB
-,3582005,IID_HERB,,,3581845,IID_HERB,,,3586813,IID_HERB
-,3683444,IID_HERB,,,3683284,IID_HERB,,,3690644,IID_HERB
-,3581576,IID_HERB_UFX,,,3581416,IID_HERB_UFX,,,3586384,IID_HERB_UFX
-,3581192,IID_HOLYCROWN_UFX,,,3581032,IID_HOLYCROWN_UFX,,,3586000,IID_HOLYCROWN_UFX
-,3556402,IID_HOLYWATER,,,3556242,IID_HOLYWATER,,,3560866,IID_HOLYWATER
-,3568012,IID_HOLYWATER,,,3567852,IID_HOLYWATER,,,3572524,IID_HOLYWATER
-,3582078,IID_HOLYWATER,,,3581918,IID_HOLYWATER,,,3586886,IID_HOLYWATER
-,3581687,IID_HOLYWATER_UFX,,,3581527,IID_HOLYWATER_UFX,,,3586495,IID_HOLYWATER_UFX
IRBA,3577535,IID_IRONARCH,,,3577375,IID_IRONARCH,,,3582327,IID_IRONARCH
IRNA,3587520,IID_IRONAXE,,,3587360,IID_IRONAXE,,,3592328,IID_IRONAXE
IRNA,3593752,IID_IRONAXE,,,3593592,IID_IRONAXE,,,3598560,IID_IRONAXE
IRNB,3587532,IID_IRONBOW,,,3587372,IID_IRONBOW,,,3592340,IID_IRONBOW
IRNB,3593808,IID_IRONBOW,,,3593648,IID_IRONBOW,,,3598616,IID_IRONBOW
IRNK,3593852,IID_IRONKNIFE,,,3593692,IID_IRONKNIFE,,,3598660,IID_IRONKNIFE
IRNL,3587504,IID_IRONLANCE,,,3587344,IID_IRONLANCE,,,3592312,IID_IRONLANCE
IRNL,3593664,IID_IRONLANCE,,,3593504,IID_IRONLANCE,,,3598472,IID_IRONLANCE
IRNS,3587488,IID_IRONSWORD,,,3587328,IID_IRONSWORD,,,3592296,IID_IRONSWORD
IRNS,3593592,IID_IRONSWORD,,,3593432,IID_IRONSWORD,,,3598400,IID_IRONSWORD
-,3556440,IID_JACKLIGHT,,,3556280,IID_JACKLIGHT,,,3560904,IID_JACKLIGHT
-,3568044,IID_JACKLIGHT,,,3567884,IID_JACKLIGHT,,,3572556,IID_JACKLIGHT
-,3582092,IID_JACKLIGHT,,,3581932,IID_JACKLIGHT,,,3586900,IID_JACKLIGHT
-,3581705,IID_JACKLIGHT_UFX,,,3581545,IID_JACKLIGHT_UFX,,,3586513,IID_JACKLIGHT_UFX
KLBA,3577548,IID_KILLERARCH,,,3577388,IID_KILLERARCH,,,3582340,IID_KILLERARCH
-,3587580,IID_LIGHT,,,3587420,IID_LIGHT,,,3592388,IID_LIGHT
-,3593940,IID_LIGHT,,,3593780,IID_LIGHT,,,3598748,IID_LIGHT
-,3529467,IID_LIVE,,,3529307,IID_LIVE,,,3532779,IID_LIVE
-,3530248,IID_LIVE,,,3530088,IID_LIVE,,,3533560,IID_LIVE
-,3555990,IID_LIVE,,,3555830,IID_LIVE,,,3560454,IID_LIVE
-,3568192,IID_LIVE,,,3568032,IID_LIVE,,,3572704,IID_LIVE
-,3581912,IID_LIVE,,,3581752,IID_LIVE,,,3586720,IID_LIVE
-,3587664,IID_LIVE,,,3587504,IID_LIVE,,,3592472,IID_LIVE
-,3642712,IID_LIVE,,,3642552,IID_LIVE,,,3649536,IID_LIVE
-,3582198,IID_LIVE_UFX,,,3582038,IID_LIVE_UFX,,,3587006,IID_LIVE_UFX
-,3577522,IID_LONGARCH,,,3577362,IID_LONGARCH,,,3582314,IID_LONGARCH
-,3556454,IID_MARTIALART,,,3556294,IID_MARTIALART,,,3560918,IID_MARTIALART
-,3581397,IID_MARTIALART_UFX,,,3581237,IID_MARTIALART_UFX,,,3586205,IID_MARTIALART_UFX
-,3556322,IID_MASTERCROWN,,,3556162,IID_MASTERCROWN,,,3560786,IID_MASTERCROWN
-,3581172,IID_MASTERCROWN_UFX,,,3581012,IID_MASTERCROWN_UFX,,,3585980,IID_MASTERCROWN_UFX
MASP,3556306,IID_MASTERPROOF,,,3556146,IID_MASTERPROOF,,,3560770,IID_MASTERPROOF
MASP,3581152,IID_MASTERPROOF_UFX,,,3580992,IID_MASTERPROOF_UFX,,,3585960,IID_MASTERPROOF_UFX
-,3581993,IID_MATRONA,,,3581833,IID_MATRONA,,,3586801,IID_MATRONA
-,3582490,IID_MATRONA_UFX,,,3582330,IID_MATRONA_UFX,,,3587298,IID_MATRONA_UFX
-,3556132,IID_MSHIELD,,,3555972,IID_MSHIELD,,,3560596,IID_MSHIELD
-,3568392,IID_MSHIELD,,,3568232,IID_MSHIELD,,,3572904,IID_MSHIELD
-,3582176,IID_MSHIELD,,,3582016,IID_MSHIELD,,,3586984,IID_MSHIELD
-,3582286,IID_MSHIELD_UFX,,,3582126,IID_MSHIELD_UFX,,,3587094,IID_MSHIELD_UFX
-,3581545,IID_OLIVI,,,3581385,IID_OLIVI,,,3586353,IID_OLIVI
-,3582054,IID_OLIVI,,,3581894,IID_OLIVI,,,3586862,IID_OLIVI
-,3581641,IID_OLIVI_UFX,,,3581481,IID_OLIVI_UFX,,,3586449,IID_OLIVI_UFX
-,3556430,IID_PANAX,,,3556270,IID_PANAX,,,3560894,IID_PANAX
-,3581673,IID_PANAX_UFX,,,3581513,IID_PANAX_UFX,,,3586481,IID_PANAX_UFX
-,3527757,IID_RAGNELL,,,3527597,IID_RAGNELL,,,3531069,IID_RAGNELL
-,3556022,IID_REBLOW,,,3555862,IID_REBLOW,,,3560486,IID_REBLOW
-,3568228,IID_REBLOW,,,3568068,IID_REBLOW,,,3572740,IID_REBLOW
-,3581944,IID_REBLOW,,,3581784,IID_REBLOW,,,3586752,IID_REBLOW
-,3582211,IID_REBLOW_UFX,,,3582051,IID_REBLOW_UFX,,,3587019,IID_REBLOW_UFX
-,3556010,IID_RECOVER,,,3555850,IID_RECOVER,,,3560474,IID_RECOVER
-,3568216,IID_RECOVER,,,3568056,IID_RECOVER,,,3572728,IID_RECOVER
-,3581932,IID_RECOVER,,,3581772,IID_RECOVER,,,3586740,IID_RECOVER
-,3582241,IID_RECOVER_UFX,,,3582081,IID_RECOVER_UFX,,,3587049,IID_RECOVER_UFX
-,3528396,IID_RELIVE,,,3528236,IID_RELIVE,,,3531708,IID_RELIVE
-,3555999,IID_RELIVE,,,3555839,IID_RELIVE,,,3560463,IID_RELIVE
-,3568204,IID_RELIVE,,,3568044,IID_RELIVE,,,3572716,IID_RELIVE
-,3581921,IID_RELIVE,,,3581761,IID_RELIVE,,,3586729,IID_RELIVE
-,3582226,IID_RELIVE_UFX,,,3582066,IID_RELIVE_UFX,,,3587034,IID_RELIVE_UFX
-,3556076,IID_RESCUE,,,3555916,IID_RESCUE,,,3560540,IID_RESCUE
-,3568340,IID_RESCUE,,,3568180,IID_RESCUE,,,3572852,IID_RESCUE
-,3582410,IID_RESCUE_UFX,,,3582250,IID_RESCUE_UFX,,,3587218,IID_RESCUE_UFX
-,3556033,IID_RESERVE,,,3555873,IID_RESERVE,,,3560497,IID_RESERVE
-,3568240,IID_RESERVE,,,3568080,IID_RESERVE,,,3572752,IID_RESERVE
-,3581955,IID_RESERVE,,,3581795,IID_RESERVE,,,3586763,IID_RESERVE
-,3582257,IID_RESERVE_UFX,,,3582097,IID_RESERVE_UFX,,,3587065,IID_RESERVE_UFX
-,3528387,IID_REST,,,3528227,IID_REST,,,3531699,IID_REST
-,3529458,IID_REST,,,3529298,IID_REST,,,3532770,IID_REST
-,3530257,IID_REST,,,3530097,IID_REST,,,3533569,IID_REST
-,3556045,IID_REST,,,3555885,IID_REST,,,3560509,IID_REST
-,3568252,IID_REST,,,3568092,IID_REST,,,3572764,IID_REST
-,3582106,IID_REST,,,3581946,IID_REST,,,3586914,IID_REST
-,3642736,IID_REST,,,3642576,IID_REST,,,3649560,IID_REST
-,3582273,IID_REST_UFX,,,3582113,IID_REST_UFX,,,3587081,IID_REST_UFX
-,3556087,IID_REWARP,,,3555927,IID_REWARP,,,3560551,IID_REWARP
-,3581982,IID_REWARP,,,3581822,IID_REWARP,,,3586790,IID_REWARP
-,3582395,IID_REWARP_UFX,,,3582235,IID_REWARP_UFX,,,3587203,IID_REWARP_UFX
-,3555844,IID_ROBBERSKEY,,,3555684,IID_ROBBERSKEY,,,3560308,IID_ROBBERSKEY
-,3568632,IID_ROBBERSKEY,,,3568472,IID_ROBBERSKEY,,,3573144,IID_ROBBERSKEY
-,3581476,IID_ROBBERSKEY_UFX,,,3581316,IID_ROBBERSKEY_UFX,,,3586284,IID_ROBBERSKEY_UFX
-,3556338,IID_SATORISIGN,,,3556178,IID_SATORISIGN,,,3560802,IID_SATORISIGN
-,3581416,IID_SATORISIGN_UFX,,,3581256,IID_SATORISIGN_UFX,,,3586224,IID_SATORISIGN_UFX
-,3556205,IID_SECRETBOOK,,,3556045,IID_SECRETBOOK,,,3560669,IID_SECRETBOOK
-,3581268,IID_SECRETBOOK_UFX,,,3581108,IID_SECRETBOOK_UFX,,,3586076,IID_SECRETBOOK_UFX
SHNB,3556469,IID_SHINEBARRIER,,,3556309,IID_SHINEBARRIER,,,3560933,IID_SHINEBARRIER
SHNB,3581842,IID_SHINEBARRIER_UFX,,,3581682,IID_SHINEBARRIER_UFX,,,3586650,IID_SHINEBARRIER_UFX
-,3556054,IID_SILENCE,,,3555894,IID_SILENCE,,,3560518,IID_SILENCE
-,3568264,IID_SILENCE,,,3568104,IID_SILENCE,,,3572776,IID_SILENCE
-,3582115,IID_SILENCE,,,3581955,IID_SILENCE,,,3586923,IID_SILENCE
-,3582332,IID_SILENCE_UFX,,,3582172,IID_SILENCE_UFX,,,3587140,IID_SILENCE_UFX
SILA,3593780,IID_SILVERAXE,,,3593620,IID_SILVERAXE,,,3598588,IID_SILVERAXE
SILB,3593836,IID_SILVERBOW,,,3593676,IID_SILVERBOW,,,3598644,IID_SILVERBOW
-,3716440,IID_SILVERCARD,,,3716280,IID_SILVERCARD,,,3723704,IID_SILVERCARD
-,3716456,IID_SILVERCARD,,,3716296,IID_SILVERCARD,,,3723720,IID_SILVERCARD
-,3722300,IID_SILVERCARD,,,3722140,IID_SILVERCARD,,,3729900,IID_SILVERCARD
SILK,3593888,IID_SILVERKNIFE,,,3593728,IID_SILVERKNIFE,,,3598696,IID_SILVERKNIFE
SILL,3593720,IID_SILVERLANCE,,,3593560,IID_SILVERLANCE,,,3598528,IID_SILVERLANCE
SILS,3593648,IID_SILVERSWORD,,,3593488,IID_SILVERSWORD,,,3598456,IID_SILVERSWORD
-,3556066,IID_SLEEP,,,3555906,IID_SLEEP,,,3560530,IID_SLEEP
-,3568292,IID_SLEEP,,,3568132,IID_SLEEP,,,3572804,IID_SLEEP
-,3582141,IID_SLEEP,,,3581981,IID_SLEEP,,,3586949,IID_SLEEP
-,3582302,IID_SLEEP_UFX,,,3582142,IID_SLEEP_UFX,,,3587110,IID_SLEEP_UFX
-,3581782,IID_SPECTERCARD_UFX,,,3581622,IID_SPECTERCARD_UFX,,,3586590,IID_SPECTERCARD_UFX
-,3556220,IID_SPEEDWING,,,3556060,IID_SPEEDWING,,,3560684,IID_SPEEDWING
-,3581287,IID_SPEEDWING_UFX,,,3581127,IID_SPEEDWING_UFX,,,3586095,IID_SPEEDWING_UFX
-,3556188,IID_SPIRITPOWDER,,,3556028,IID_SPIRITPOWDER,,,3560652,IID_SPIRITPOWDER
-,3581247,IID_SPIRITPOWDER_UFX,,,3581087,IID_SPIRITPOWDER_UFX,,,3586055,IID_SPIRITPOWDER_UFX
-,3556290,IID_STATUESPALL,,,3556130,IID_STATUESPALL,,,3560754,IID_STATUESPALL
-,3581377,IID_STATUESPALL_UFX,,,3581217,IID_STATUESPALL_UFX,,,3586185,IID_STATUESPALL_UFX
STEA,3593764,IID_STEELAXE,,,3593604,IID_STEELAXE,,,3598572,IID_STEELAXE
STEB,3593820,IID_STEELBOW,,,3593660,IID_STEELBOW,,,3598628,IID_STEELBOW
STEK,3593868,IID_STEELKNIFE,,,3593708,IID_STEELKNIFE,,,3598676,IID_STEELKNIFE
STEL,3593700,IID_STEELLANCE,,,3593540,IID_STEELLANCE,,,3598508,IID_STEELLANCE
STES,3593628,IID_STEELSWORD,,,3593468,IID_STEELSWORD,,,3598436,IID_STEELSWORD
-,3556267,IID_TALISMAN,,,3556107,IID_TALISMAN,,,3560731,IID_TALISMAN
-,3581346,IID_TALISMAN_UFX,,,3581186,IID_TALISMAN_UFX,,,3586154,IID_TALISMAN_UFX
-,3587568,IID_THUNDER,,,3587408,IID_THUNDER,,,3592376,IID_THUNDER
-,3593916,IID_THUNDER,,,3593756,IID_THUNDER,,,3598724,IID_THUNDER
-,3556098,IID_TORCH,,,3555938,IID_TORCH,,,3560562,IID_TORCH
-,3559816,IID_TORCH,,,3559656,IID_TORCH,,,3564320,IID_TORCH
-,3568352,IID_TORCH,,,3568192,IID_TORCH,,,3572864,IID_TORCH
-,3582188,IID_TORCH,,,3582028,IID_TORCH,,,3586996,IID_TORCH
-,3582457,IID_TORCH_UFX,,,3582297,IID_TORCH_UFX,,,3587265,IID_TORCH_UFX
-,3529488,IID_TREASUREKEY,,,3529328,IID_TREASUREKEY,,,3532800,IID_TREASUREKEY
-,3555816,IID_TREASUREKEY,,,3555656,IID_TREASUREKEY,,,3560280,IID_TREASUREKEY
-,3560220,IID_TREASUREKEY,,,3560060,IID_TREASUREKEY,,,3564724,IID_TREASUREKEY
-,3581440,IID_TREASUREKEY_UFX,,,3581280,IID_TREASUREKEY_UFX,,,3586248,IID_TREASUREKEY_UFX
-,3556121,IID_UNLOCK,,,3555961,IID_UNLOCK,,,3560585,IID_UNLOCK
-,3568380,IID_UNLOCK,,,3568220,IID_UNLOCK,,,3572892,IID_UNLOCK
-,3582425,IID_UNLOCK_UFX,,,3582265,IID_UNLOCK_UFX,,,3587233,IID_UNLOCK_UFX
-,3556362,IID_VULNERARY,,,3556202,IID_VULNERARY,,,3560826,IID_VULNERARY
-,3581505,IID_VULNERARY,,,3581345,IID_VULNERARY,,,3586313,IID_VULNERARY
-,3582014,IID_VULNERARY,,,3581854,IID_VULNERARY,,,3586822,IID_VULNERARY
-,3587676,IID_VULNERARY,,,3587516,IID_VULNERARY,,,3592484,IID_VULNERARY
-,3683428,IID_VULNERARY,,,3683268,IID_VULNERARY,,,3690628,IID_VULNERARY
-,3581589,IID_VULNERARY_UFX,,,3581429,IID_VULNERARY_UFX,,,3586397,IID_VULNERARY_UFX
-,3568328,IID_WARP,,,3568168,IID_WARP,,,3572840,IID_WARP
-,3582382,IID_WARP_UFX,,,3582222,IID_WARP_UFX,,,3587190,IID_WARP_UFX
-,3587556,IID_WIND,,,3587396,IID_WIND,,,3592364,IID_WIND
-,3593928,IID_WIND,,,3593768,IID_WIND,,,3598736,IID_WIND
-,3593952,IID_WORM,,,3593792,IID_WORM,,,3598760,IID_WORM
