-,3527737,PID_IKE,,,3527577,PID_IKE,,,3531049,PID_IKE
-,3527745,PID_ASTARTE,,,3527585,PID_ASTARTE,,,3531057,PID_ASTARTE
-,3528580,PID_IKE,,,3528420,PID_IKE,,,3531892,PID_IKE
-,3559742,PID_RIEUSION,,,3559582,PID_RIEUSION,,,3564246,PID_RIEUSION
-,3559755,PID_LEARNE,,,3559595,PID_LEARNE,,,3564259,PID_LEARNE
-,3559766,PID_RAFIEL,,,3559606,PID_RAFIEL,,,3564270,PID_RAFIEL
-,3559826,PID_IKE,,,3559666,PID_IKE,,,3564330,PID_IKE
-,3559843,PID_MICAIAH,,,3559683,PID_MICAIAH,,,3564347,PID_MICAIAH
-,3559881,PID_SOTHE,,,3559721,PID_SOTHE,,,3564385,PID_SOTHE
-,3559902,PID_LUCHINO,,,3559742,PID_LUCHINO,,,3564406,PID_LUCHINO
-,3559927,PID_MEG,,,3559767,PID_MEG,,,3564431,PID_MEG
-,3560280,PID_IKE,,,3560120,PID_IKE,,,3564784,PID_IKE
-,3681420,PID_LUCHINO,,,3681260,PID_LUCHINO,,,3688620,PID_LUCHINO
-,3681448,PID_SOTHE,,,3681288,PID_SOTHE,,,3688648,PID_SOTHE
-,3681472,PID_MICAIAH,,,3681312,PID_MICAIAH,,,3688672,PID_MICAIAH
-,3681512,PID_LUCHINO,,,3681352,PID_LUCHINO,,,3688712,PID_LUCHINO
-,3681536,PID_SOTHE,,,3681376,PID_SOTHE,,,3688736,PID_SOTHE
-,3681560,PID_MICAIAH,,,3681400,PID_MICAIAH,,,3688760,PID_MICAIAH
-,3731352,PID_ERLAN,,,3731192,PID_ERLAN,,,3738944,PID_ERLAN
-,3878672,PID_MEG,,,3878512,PID_MEG,,,3886456,PID_MEG
-,3878680,PID_IKE,,,3878520,PID_IKE,,,3886464,PID_IKE
-,3878688,PID_MEG,,,3878528,PID_MEG,,,3886472,PID_MEG
-,3878704,PID_IKE,,,3878544,PID_IKE,,,3886488,PID_IKE
