﻿22804,5914,89,20,,,PID_ISAIYA
22972,59BC,89,188,,,PID_BONARD
23224,5AB8,90,184,,,PID_WAZECACA
23484,5BBC,91,188,,,PID_RADMIM
23652,5C64,92,100,,,PID_ZEFFREN
23736,5CB8,92,184,,,PID_YEARDLEY
23820,5D0C,93,12,,,PID_MARJO
23904,5D60,93,96,,,PID_TASHJORIA
24160,5.00E+60,94,96,,,PID_ROMMITANA
24412,5F5C,95,92,,,PID_KAZISA
24744,60A8,96,168,,,PID_RAO
24912,6150,97,80,,,PID_GORAN
24996,61A4,97,164,,,PID_YUMA
25080,61F8,97,248,,,PID_CAHITALENO
23568,5C10,92,16,,,PID_JELD
23992,5DB8,93,184,,,PID_RUDBECK
24660,6054,96,84,,,PID_NOSE
25168,6250,98,80,,,PID_VALTELOME
25248,62A0,98,160,,,PID_NUMIDA
25164,624C,98,76,,,PID_VALTELOME
25252,62A4,98,164,,,PID_NUMIDA
