22777,PID_PUGO,0x5910
22861,PID_ISAIYA,0x5964
22945,PID_ZAITAN,0x59B8
23029,PID_BONARD,0x5A0C
23113,PID_HELL,0x5A60
23197,PID_DEATH,0x5AB4
23281,PID_WAZECACA,0x5B08
23369,PID_LABERTHON,0x5B60
23453,PID_DZUR,0x5BB4
23537,PID_RADMIM,0x5C08
23621,PID_JELD,0x5C5C
23705,PID_ZEFFREN,0x5CB0
23789,PID_YEARDLEY,0x5D04
23873,PID_MARJO,0x5D58
23957,PID_TASHJORIA,0x5DAC
24045,PID_RUDBECK,0x5E04
24129,PID_SIDIAU,0x5E58
24213,PID_ROMMITANA,0x5EAC
24297,PID_ITOTS,0x5F00
24381,PID_BEJONA,0x5F54
24465,PID_KAZISA,0x5FA8
24549,PID_LOMBROSO,0x5FFC
24629,PID_KEZDHA,0x604C
24713,PID_NOYCE,0x60A0
24797,PID_RAO,0x60F4
24881,PID_SERGEI,0x6148
24965,PID_GORAN,0x619C
25049,PID_YUMA,0x61F0
25133,PID_CAHITALENO,0x6244
25217,PID_VALTELOME,0x6298
25301,PID_NUMIDA,0x62EC
201,PID_IZCA,0xE0
4801,PID_HETZEL,0x12D8
6317,PID_LEKAIN,0x18C4
7061,PID_RUBALE,0x1BAC
2061,PID_DARKKNIGHT_0,0x824
2145,PID_DARKKNIGHT,0x878
3601,PID_DHEGINHANSEA,0xE28
2825,PID_CEPHERAN,0xB20