﻿Class Tree Name,Class Number a,b,c,d,race
lightmage,17,18,21,21,B
myrm,0,1,1,1,B
archer,12,13,12,12,B
fighter,8,9,8,8,B
priest,18,21,22,22,B
thief,3,4,14,14,B
thdrmage,15,16,17,17,B
soldier,4,5,4,4,B
swdarmor,1,2,2,2,B
wolf,22,26,28,30,L
dracoknight,11,12,11,11,B
lncarmor,5,6,5,5,B
myrm,0,1,1,1,B
lncknight,6,7,6,6,B
firemage,14,15,16,16,B
tiger,20,24,99,28,L
raven,24,28,30,32,L
wolfqueen,22,26,28,30,L
queen,99,99,23,23,B
pegknight,7,8,7,7,B
raven,24,28,30,32,L
dracoknight,11,12,11,11,B
axarmor,9,10,9,9,B
soldier,4,5,4,4,B
thief,3,4,14,14,B
myrm,0,1,1,1,B
tiger,20,24,99,28,L
cat,21,25,99,29,L
lncknight,6,7,6,6,B
axknight,10,11,10,10,B
bowknight,13,14,13,13,B
swdknight,2,3,3,3,B
soldier,4,5,4,4,B
firemage,14,15,16,16,B
hero,99,0,0,0,B
axknight,10,11,10,10,B
windmage,16,17,18,18,B
cleric,99,22,24,24,B
archer,12,13,12,12,B
fighter,8,9,8,8,B
lncknight,6,7,6,6,B
archer,12,13,12,12,B
lncarmor,5,6,5,5,B
priest,18,21,22,22,B
myrm,0,1,1,1,B
cat,21,25,99,29,L
tiger,20,24,99,28,L
cat,21,25,99,29,L
hawk,23,27,29,31,L
hawk,23,27,29,31,L
pegknight,7,8,7,7,B
pegknight,7,8,7,7,B
lion,19,23,27,27,L
ravenking,24,28,30,32,L
empress,99,99,26,26,B
hawkking,23,27,29,31,L
darksage,99,19,19,19,B
myrm,0,1,1,1,B
priest,18,21,22,22,B
windmage,16,17,18,18,B
assassin,99,99,15,15,B
lionking,19,23,27,27,L
lion,19,23,27,27,L
blackdrag,99,32,31,35,L
reddrag,99,30,31,33,L
swdknight,2,3,3,3,B
whitedrag,99,31,31,34,L
reddrag,99,30,31,33,L
chancellor,99,99,20,20,B
heron,25,29,99,99,L
heron,25,29,99,99,L
heron,25,29,99,99,L
