Character Name,Character ID,New JID,new weapon 1,new weapon 2,new weapon 3
Laura,4,JID_HI1,,,
Jill,10,JID_AF4,IID_STEA,IID_WORM,
Zihark,12,JID_SI5,,,
Fiona,13,JID_LM4,IID_THUN,IID_SPEE,
Nephenee,23,JID_LI5,IID_STSP,IID_LIGH,
Lucia,25,JID_SI2,,,
Kieran,29,JID_AM5,IID_STPA,IID_ELFI,
Calill,33,JID_FI5,IID_ELFI,IID_METE,IID_LIVE
Titania,35,JID_AM2,,,
Oscar,40,JID_LM5,IID_STEL,IID_ELTH,
Rhys,43,JID_HI5,IID_ELLI,IID_RELI,IID_STEA
Mia,44,JID_SI2,,,
Stefan,57,JID_SI6,,,
Oliver,58,JID_HI6,IID_RESI,IID_KILA,
Bastian,59,JID_TI6,IID_GIGT,IID_ELFI,IID_ELWI
Volke,60,JID_KU3,IID_PESH,IID_SILK,IID_KILB
