File,chapter,location,tier,weaploc1,weapon1,weaploc2,weapon2,weaploc3,weapon3,weaploc4,weapon4,weaploc5,weapon5,weaploc6,weapon6,class
\zmap\bmap0101\dispos_h.bin,1a,1335,1,1211,IID_BRONZEAXE,,,,,,,,,,,JID_BANDIT
\zmap\bmap0102\dispos_h.bin,1a,2664,1,2486,IID_BRONZEBOW,2570,IID_IRONBOW,,,,,,,,,JID_ARCHER
\zmap\bmap0102\dispos_h.bin,1a,2685,1,2472,IID_BRONZEAXE,2532,IID_HANDAXE,2558,IID_IRONAXE,,,,,,,JID_FIGHTER
\zmap\bmap0102\dispos_h.bin,1a,2711,1,2500,IID_BRONZELANCE,2544,IID_HANDSPEAR,2582,IID_IRONLANCE,,,,,,,JID_SOLDIER
\zmap\bmap0102\dispos_h.bin,1a,2675,1,2516,IID_BRONZESWORD,2596,IID_IRONSWORD,,,,,,,,,JID_BLADE
\zmap\bmap0103\dispos_h.bin,1a,4015,1,3938,IID_STEELBOW/D,3742,IID_BRONZEBOW,3857,IID_IRONBOW,,,,,,,JID_ARCHER
\zmap\bmap0103\dispos_h.bin,1a,4026,1,3883,IID_IRONSWORD,,,,,,,,,,,JID_BLADE
\zmap\bmap0103\dispos_h.bin,1a,4036,1,3728,IID_BRONZEAXE,3831,IID_IRONAXE,,,,,,,,,JID_FIGHTER
\zmap\bmap0103\dispos_h.bin,1a,4100,1,3773,IID_BRONZELANCE,3869,IID_IRONLANCE,3953,IID_STEELLANCE,3817,IID_HANDSPEAR,,,,,JID_SOLDIER
\zmap\bmap0104\dispos_h.bin,1b,4411,1,4318,IID_STEELBOW,4247,IID_IRONLONGBOW,,,,,,,,,JID_ARCHER
\zmap\bmap0104\dispos_h.bin,1b,4422,1,4277,IID_HANDAXE,,,,,,,,,,,JID_AXARMOR
\zmap\bmap0104\dispos_h.bin,1b,4434,1,4346,IID_STEELSWORD,,,,,,,,,,,JID_BLADE
\zmap\bmap0104\dispos_h.bin,1b,4444,1,4305,IID_STEELAXE,4186,IID_HANDAXE,,,,,,,,,JID_FIGHTER
\zmap\bmap0104\dispos_h.bin,1b,4456,1,4286,IID_HANDSPEAR,,,,,,,,,,,JID_LANCEARMOR
\zmap\bmap0104\dispos_h.bin,1b,4520,1,4331,IID_STEELLANCE,4198,IID_HANDSPEAR,,,,,,,,,JID_SOLDIER
\zmap\bmap0104\dispos_h.bin,1b,4532,1,4361,IID_STEELSWORD,,,,,,,,,,,JID_SWORDARMOR
\zmap\bmap0106\dispos_h.bin,1b,5976,1,5710,IID_IRONBOW,5881,IID_STEELBOW,,,,,,,,,JID_ARCHER
\zmap\bmap0106\dispos_h.bin,1b,5987,1,5909,IID_STEELSWORD,,,,,,,,,,,JID_BLADE
\zmap\bmap0106\dispos_h.bin,1b,6016,1,5698,IID_IRONAXE,5868,IID_STEELAXE,5672,IID_HANDAXE,,,,,,,JID_FIGHTER
\zmap\bmap0106\dispos_h.bin,1b,6028,1,5663,IID_FIRE,,,,,,,,,,,JID_FIREMAGE
\zmap\bmap0106\dispos_h.bin,1b,6068,1,5799,IID_LIVE,,,,,,,,,,,JID_PRIEST
\zmap\bmap0106\dispos_h.bin,1b,6102,1,5894,IID_STEELLANCE,5684,IID_HANDSPEAR,,,,,,,,,JID_SOLDIER
\zmap\bmap0107\dispos_h.bin,1b,12709,1,12582,IID_STEELBOW,,,,,,,,,,,JID_ARCHER
\zmap\bmap0107\dispos_h.bin,1b,12720,1,12364,IID_HANDAXE,12351,IID_HAMMER/D,,,,,,,,,JID_AXARMOR
\zmap\bmap0107\dispos_h.bin,1b,12732,1,12292,IID_STEELAXE,12308,IID_HANDAXE,,,,,,,,,JID_AXEKNIGHT
\zmap\bmap0107\dispos_h.bin,1b,12746,1,12467,IID_KILLSWORD,12428,IID_STEELSWORD,,,,,,,,,JID_BLADE
\zmap\bmap0107\dispos_h.bin,1b,12756,1,12458,IID_STEELBOW,,,,,,,,,,,JID_BOWKNIGHT
\zmap\bmap0107\dispos_h.bin,1b,12825,1,12569,IID_STEELAXE,12481,IID_HANDAXE,,,,,,,,,JID_FIGHTER
\zmap\bmap0107\dispos_h.bin,1b,12837,1,12326,IID_ELFIRE,,,,,,,,,,,JID_FIREMAGE
\zmap\bmap0107\dispos_h.bin,1b,12863,1,12376,IID_HANDSPEAR,,,,,,,,,,,JID_LANCEARMOR
\zmap\bmap0107\dispos_h.bin,1b,12878,1,12527,IID_STEELLANCE,12553,IID_HANDSPEAR,,,,,,,,,JID_LANCEKNIGHT
\zmap\bmap0107\dispos_h.bin,1b,12955,1,12491,IID_LIVE,,,,,,,,,,,JID_PRIEST
\zmap\bmap0107\dispos_h.bin,1b,12989,1,12595,IID_STEELLANCE,12610,IID_STEELLANCE/D,12402,IID_HANDSPEAR,,,,,,,JID_SOLDIER
\zmap\bmap0107\dispos_h.bin,1b,13001,1,12695,IID_WINDSWORD,12627,IID_STEELSWORD,12642,IID_STEELSWORD/D,,,,,,,JID_SWORDARMOR
\zmap\bmap0107\dispos_h.bin,1b,13033,1,12414,IID_STEELSWORD,12444,IID_WINDSWORD,,,,,,,,,JID_SWORDKNIGHT
\zmap\bmap0107\dispos_h.bin,1b,13065,1,12669,IID_THUNDER,12337,IID_ELTHUNDER,,,,,,,,,JID_THUNDERMAGE
\zmap\bmap0108\dispos_h.bin,1b,6261,1,6158,IID_STEELBOW,6060,IID_IRONLONGBOW,,,,,,,,,JID_ARCHER
\zmap\bmap0108\dispos_h.bin,1b,6272,1,5987,IID_HANDAXE,,,,,,,,,,,JID_AXARMOR
\zmap\bmap0108\dispos_h.bin,1b,6319,1,6186,IID_STEELSWORD,6034,IID_IRONBLADE,,,,,,,,,JID_BLADE
\zmap\bmap0108\dispos_h.bin,1b,6329,1,6106,IID_HANDAXE,6145,IID_STEELAXE,,,,,,,,,JID_FIGHTER
\zmap\bmap0108\dispos_h.bin,1b,6341,1,5942,IID_ELFIRE,,,,,,,,,,,JID_FIREMAGE
\zmap\bmap0108\dispos_h.bin,1b,6367,1,6171,IID_STEELLANCE,5999,IID_HANDSPEAR,,,,,,,,,JID_LANCEARMOR
\zmap\bmap0108\dispos_h.bin,1b,6419,1,6115,IID_STEELLANCE,,,,,,,,,,,JID_SOLDIER
\zmap\bmap0108\dispos_h.bin,1b,6464,1,6252,IID_WIND,5967,IID_ELWIND,,,,,,,,,JID_WINDMAGE
\zmap\bmap0109\dispos_h.bin,1b,5392,1,5291,IID_POISONAXE,5325,IID_STEELAXE,5195,IID_HANDAXE,,,,,,,JID_BANDIT
\zmap\bmap0109\dispos_h.bin,1b,5450,1,5249,IID_STEELAXE,5272,IID_HANDAXE,,,,,,,,,JID_DRAGONKNIGHT
\zmap\bmap0109\dispos_h.bin,1b,5479,1,5137,IID_ELFIRE,,,,,,,,,,,JID_FIREMAGE
\zmap\bmap0109\dispos_h.bin,1b,5519,1,5282,IID_LIVE,,,,,,,,,,,JID_PRIEST
\zmap\bmap0109\dispos_h.bin,1b,5586,1,5207,IID_HANDSPEAR,5338,IID_STEELLANCE,,,,,,,,,JID_SOLDIER
\zmap\bmap0109\dispos_h.bin,1b,5614,1,5148,IID_ELTHUNDER,,,,,,,,,,,JID_THUNDERMAGE
\zmap\bmap0109\dispos_h.bin,1b,5646,1,5162,IID_ELWIND,,,,,,,,,,,JID_WINDMAGE
\zmap\bmap0110\dispos_h.bin,1b,2665,1,2565,IID_STEELBOW,,,,,,,,,,,JID_ARCHER
\zmap\bmap0110\dispos_h.bin,1b,2676,1,2610,IID_STEELSWORD,,,,,,,,,,,JID_BLADE
\zmap\bmap0110\dispos_h.bin,1b,2701,1,2552,IID_STEELAXE,2516,IID_HANDAXE,,,,,,,,,JID_FIGHTER
\zmap\bmap0110\dispos_h.bin,1b,2742,1,2578,IID_STEELLANCE,2528,IID_HANDSPEAR,,,,,,,,,JID_SOLDIER
\zmap\bmap0111\dispos_h.bin,1c,6479,1,6319,IID_STEELBOW,6347,IID_STEELLONGBOW,6153,IID_IRONLONGBOW,,,,,,,JID_ARCHER
\zmap\bmap0111\dispos_h.bin,1c,6490,1,6101,IID_HANDAXE,6364,IID_STEELPOLEAXE,,,,,,,,,JID_AXARMOR
\zmap\bmap0111\dispos_h.bin,1c,6520,1,6396,IID_STEELSWORD,6194,IID_KILLSWORD,6079,IID_STEELBLADE,6088,IID_WINDSWORD,,,,,JID_BLADE
\zmap\bmap0111\dispos_h.bin,1c,6549,1,6291,IID_STEELAXE,6169,IID_HANDAXE,6238,IID_POISONAXE,,,,,,,JID_FIGHTER
\zmap\bmap0111\dispos_h.bin,1c,6561,1,6227,IID_METEOR,6043,IID_ELFIRE,,,,,,,,,JID_FIREMAGE
\zmap\bmap0111\dispos_h.bin,1c,6602,1,6113,IID_HANDSPEAR,6332,IID_STEELLANCE,6381,IID_STEELSPEAR,,,,,,,JID_LANCEARMOR
\zmap\bmap0111\dispos_h.bin,1c,6631,1,6218,IID_LIVE,6252,IID_REBLOW,,,,,,,,,JID_PRIEST
\zmap\bmap0111\dispos_h.bin,1c,6684,1,6208,IID_HANDSPEAR,6185,IID_STEELLANCE,6411,IID_STEELSPEAR,,,,,,,JID_SOLDIER
\zmap\bmap0111\dispos_h.bin,1c,6696,1,6304,IID_STEELBLADE,6465,IID_WINDSWORD,,,,,,,,,JID_SWORDARMOR
\zmap\bmap0111\dispos_h.bin,1c,6737,1,6054,IID_ELTHUNDER,,,,,,,,,,,JID_THUNDERMAGE
\zmap\bmap0111\dispos_h.bin,1c,6771,1,6068,IID_ELWIND,,,,,,,,,,,JID_WINDMAGE
\zmap\bmap0201\dispos_h.bin,2a,1923,1,1785,IID_HANDAXE,1811,IID_IRONAXE,1823,IID_IRONPOLEAXE,,,,,,,JID_DRAGONKNIGHT
\zmap\bmap0202\dispos_h.bin,2a,2305,1,2232,IID_STEELBOW,,,,,,,,,,,JID_ARCHER
\zmap\bmap0202\dispos_h.bin,2a,2316,1,2219,IID_STEELAXE,,,,,,,,,,,JID_AXARMOR
\zmap\bmap0202\dispos_h.bin,2a,2328,1,2056,IID_STEELAXE,2177,IID_IRONAXE,,,,,,,,,JID_BANDIT
\zmap\bmap0202\dispos_h.bin,2a,2339,1,2260,IID_STEELSWORD,2192,IID_POISONSWORD,,,,,,,,,JID_BLADE
\zmap\bmap0202\dispos_h.bin,2a,2349,1,2119,IID_HANDAXE,2165,IID_IRONAXE,,,,,,,,,JID_FIGHTER
\zmap\bmap0202\dispos_h.bin,2a,2361,1,2097,IID_ELFIRE,,,,,,,,,,,JID_FIREMAGE
\zmap\bmap0202\dispos_h.bin,2a,2417,1,2400,IID_HANDSPEAR,,,,,,,,,,,JID_LANCEARMOR
\zmap\bmap0202\dispos_h.bin,2a,2432,1,2208,IID_RELIVE,,,,,,,,,,,JID_PRIEST
\zmap\bmap0202\dispos_h.bin,2a,2455,1,2131,IID_HANDSPEAR,2245,IID_STEELSPEAR,,,,,,,,,JID_SOLDIER
\zmap\bmap0202\dispos_h.bin,2a,2467,1,2108,IID_ELWIND,,,,,,,,,,,JID_WINDSAGE
\zmap\bmap0203\dispos_h.bin,2b,4648,1,4561,IID_STEELBOW,4461,IID_POISONBOW,4366,IID_IRONLONGBOW,,,,,,,JID_ARCHER
\zmap\bmap0203\dispos_h.bin,2b,4711,2,4451,IID_STEELBLADE,,,,,,,,,,,JID_BLADEDUX
\zmap\bmap0203\dispos_h.bin,2b,4724,2,4533,IID_STEELAXE,,,,,,,,,,,JID_GLORYDUX
\zmap\bmap0203\dispos_h.bin,2b,4750,2,4517,IID_STEELSPEAR,4574,IID_STEELLANCE,4634,IID_POISONLANCE,,,,,,,JID_HALBERDIER
\zmap\bmap0203\dispos_h.bin,2b,4782,1,4491,IID_RELIVE,4442,IID_LIVE,,,,,,,,,JID_PRIEST
\zmap\bmap0203\dispos_h.bin,2b,4811,2,4351,IID_IRONDAGGER,,,,,,,,,,,JID_ROGUE
\zmap\bmap0203\dispos_h.bin,2b,4833,1,4426,IID_KILLERLANCE,4475,IID_POISONLANCE,4337,IID_HANDSPEAR,4589,IID_STEELSPEAR,,,,,JID_SOLDIER
\zmap\bmap0203\dispos_h.bin,2b,4845,1,4546,IID_STEELBLADE,,,,,,,,,,,JID_SWORDARMOR
\zmap\bmap0203\dispos_h.bin,2b,4878,1,4300,IID_ELTHUNDER,,,,,,,,,,,JID_THUNDERMAGE
\zmap\bmap0203\dispos_h.bin,2b,4894,2,4248,IID_BOWGUN,,,,,,,,,,,JID_WARRIOR
\zmap\bmap0204\dispos_h.bin,2b,9489,1,9324,IID_STEELBOW,,,,,,,,,,,JID_ARCHER
\zmap\bmap0204\dispos_h.bin,2b,9500,2,9193,IID_STEELBOW,,,,,,,,,,,JID_ARROWKNIGHT
\zmap\bmap0204\dispos_h.bin,2b,9534,1,9163,IID_IRONPOLEAXE,14289,IID_STEELAXE,,,,,,,,,JID_AXARMOR
\zmap\bmap0204\dispos_h.bin,2b,9546,1,9294,IID_STEELAXE,14310,IID_HANDAXE,,,,,,,,,JID_AXEKNIGHT
\zmap\bmap0204\dispos_h.bin,2b,9560,2,9209,IID_LIGHT,9239,IID_RELIVE,14330,IID_REBLOW,,,,,,,JID_BISHOP
\zmap\bmap0204\dispos_h.bin,2b,9571,1,14349,IID_STEELSWORD,,,,,,,,,,,JID_BLADE
\zmap\bmap0204\dispos_h.bin,2b,9581,2,14370,IID_STEELSWORD,,,,,,,,,,,JID_BLADEKNIGHT
\zmap\bmap0204\dispos_h.bin,2b,9614,1,14390,IID_STEELAXE,9082,IID_HANDAXE,,,,,,,,,JID_FIGHTER
\zmap\bmap0204\dispos_h.bin,2b,9626,2,9071,IID_ELFIRE,,,,,,,,,,,JID_FIRESAGE
\zmap\bmap0204\dispos_h.bin,2b,9639,2,9117,IID_HORSEKILLER,9403,IID_STEELSPEAR,14409,IID_STEELLANCE,14430,IID_HANDSPEAR,,,,,JID_GLORYKNIGHT
\zmap\bmap0204\dispos_h.bin,2b,9655,2,9250,IID_SHORTAXE,14450,IID_STEELAXE,14469,IID_HANDAXE,,,,,,,JID_GREATKNIGHT
\zmap\bmap0204\dispos_h.bin,2b,9671,2,9263,IID_SHORTSPEAR,,,,,,,,,,,JID_HALBERDIER
\zmap\bmap0204\dispos_h.bin,2b,9686,1,9094,IID_HANDSPEAR,14490,IID_STEELLANCE,,,,,,,,,JID_LANCEARMOR
\zmap\bmap0204\dispos_h.bin,2b,9701,1,9337,IID_STEELLANCE,9352,IID_STEELLANCE/D,,,,,,,,,JID_LANCEKNIGHT
\zmap\bmap0204\dispos_h.bin,2b,9717,1,9228,IID_REBLOW,9219,IID_LIVE,,,,,,,,,JID_PRIEST
\zmap\bmap0204\dispos_h.bin,2b,9728,2,9369,IID_STEELLONGBOW,,,,,,,,,,,JID_SNIPER
\zmap\bmap0204\dispos_h.bin,2b,9739,1,14509,IID_STEELLANCE,14530,IID_HANDSPEAR,,,,,,,,,JID_SOLDIER
\zmap\bmap0204\dispos_h.bin,2b,9751,1,14550,IID_STEELSWORD,,,,,,,,,,,JID_SWORDARMOR
\zmap\bmap0204\dispos_h.bin,2b,9766,1,9418,IID_STEELSWORD,9307,IID_STEELBLADE/D,9475,IID_WINDSWORD,9133,IID_IRONBLADE,,,,,JID_SWORDKNIGHT
\zmap\bmap0204\dispos_h.bin,2b,9798,2,9036,IID_BOWGUN,9386,IID_STEELPOLEAXE,,,,,,,,,JID_WARRIOR
\zmap\bmap0205\dispos_h.bin,2b,9989,1,9825,IID_STEELBOW,,,,,,,,,,,JID_ARCHER
\zmap\bmap0205\dispos_h.bin,2b,10018,1,9870,IID_STEELPOLEAXE,9797,IID_STEELAXE,9620,IID_HANDAXE,,,,,,,JID_AXARMOR
\zmap\bmap0205\dispos_h.bin,2b,10082,2,9676,IID_LIGHT,9713,IID_REBLOW,,,,,,,,,JID_BISHOP
\zmap\bmap0205\dispos_h.bin,2b,10093,2,9464,IID_STEELBLADE,9975,IID_WINDSWORD,,,,,,,,,JID_BLADEDUX
\zmap\bmap0205\dispos_h.bin,2b,10171,2,9887,IID_STEELSPEAR,9779,IID_SILVERSPEAR/D,9485,IID_SHORTSPEAR,,,,,,,JID_GLORYDUX
\zmap\bmap0205\dispos_h.bin,2b,10200,2,9735,IID_SHORTAXE,9609,IID_HAMMER,9554,IID_STEELPOLEAXE,,,,,,,JID_GREATDUX
\zmap\bmap0205\dispos_h.bin,2b,10229,2,9660,IID_STEELSPEAR,9632,IID_HANDSPEAR,9748,IID_SHORTSPEAR,9686,IID_STEELLANCE,9646,IID_IRONSPEAR,,,JID_HALBERDIER
\zmap\bmap0205\dispos_h.bin,2b,10261,1,9763,IID_STEELLANCE,9917,IID_HANDSPEAR,,,,,,,,,JID_LANCEARMOR
\zmap\bmap0205\dispos_h.bin,2b,10276,1,9724,IID_RELIVE,,,,,,,,,,,JID_PRIEST
\zmap\bmap0205\dispos_h.bin,2b,10327,2,9510,IID_CROSSBOW,9853,IID_STEELLONGBOW,10000,IID_STEELBOW,10030,IID_BOWGUN,,,,,JID_SNIPER
\zmap\bmap0205\dispos_h.bin,2b,10338,1,9838,IID_STEELLANCE,10049,IID_HANDSPEAR,,,,,,,,,JID_SOLDIER
\zmap\bmap0205\dispos_h.bin,2b,10350,2,9810,IID_STEELBLADE,9902,IID_STEELSWORD,9697,IID_POISONSWORD,,,,,,,JID_SWORDMASTER
\zmap\bmap0205\dispos_h.bin,2b,10366,2,9565,IID_ELTHUNDER,9929,IID_THUNDERSTORM,,,,,,,,,JID_THUNDERSAGE
\zmap\bmap0205\dispos_h.bin,2b,10382,2,9474,IID_BOWGUN,10066,IID_STEELAXE,10139,IID_STEELPOLEAXE,,,,,,,JID_WARRIOR
\zmap\bmap0301\dispos_h.bin,3a,9133,2,8889,IID_RELIVE,,,,,,,,,,,JID_BISHOP
\zmap\bmap0301\dispos_h.bin,3a,9144,2,8716,IID_STEELSWORD,,,,,,,,,,,JID_BLADEDUX
\zmap\bmap0301\dispos_h.bin,3a,9186,2,8693,IID_ELFIRE,,,,,,,,,,,JID_FIRESAGE
\zmap\bmap0301\dispos_h.bin,3a,9199,2,8736,IID_STEELLANCE,8774,IID_HORSEKILLER,8867,IID_STEELSPEAR,8928,IID_SHORTSPEAR,,,,,JID_GLORYDUX
\zmap\bmap0301\dispos_h.bin,3a,9228,2,9089,IID_STEELAXE,,,,,,,,,,,JID_GREATDUX
\zmap\bmap0301\dispos_h.bin,3a,9259,2,9001,IID_STEELLANCE,8760,IID_HANDSPEAR,9033,IID_STEELSPEAR,,,,,,,JID_HALBERDIER
\zmap\bmap0301\dispos_h.bin,3a,9283,2,8988,IID_STEELBOW,,,,,,,,,,,JID_SNIPER
\zmap\bmap0301\dispos_h.bin,3a,9294,2,9048,IID_STEELSWORD,8973,IID_STEELBLADE,,,,,,,,,JID_SWORDMASTER
\zmap\bmap0301\dispos_h.bin,3a,9338,2,8960,IID_STEELAXE,9016,IID_STEELPOLEAXE,8625,IID_BOWGUN,,,,,,,JID_WARRIOR
\zmap\bmap0302\dispos_h.bin,3a,5381,2,5220,IID_STEELBLADE,5312,IID_STEELSWORD,,,,,,,,,JID_BLADEDUX
\zmap\bmap0302\dispos_h.bin,3a,5415,2,5029,IID_ELFIRE,,,,,,,,,,,JID_FIRESAGE
\zmap\bmap0302\dispos_h.bin,3a,5428,2,5102,IID_HORSEKILLER,,,,,,,,,,,JID_GLORYDUX
\zmap\bmap0302\dispos_h.bin,3a,5457,2,5179,IID_SHORTAXE,5280,IID_STEELPOLEAXE,5207,IID_STEELAXE,5076,IID_HANDAXE,,,,,JID_GREATDUX
\zmap\bmap0302\dispos_h.bin,3a,5488,2,5192,IID_SHORTSPEAR,5297,IID_STEELSPEAR,5248,IID_STEELLANCE,,,,,,,JID_HALBERDIER
\zmap\bmap0302\dispos_h.bin,3a,5503,2,5263,IID_STEELLONGBOW,5016,IID_CROSSBOW,5235,IID_STEELBOW,,,,,,,JID_SNIPER
\zmap\bmap0302\dispos_h.bin,3a,5514,2,5134,IID_KILLSWORD,4972,IID_STEELBLADE,,,,,,,,,JID_SWORDMASTER
\zmap\bmap0302\dispos_h.bin,3a,5548,2,5040,IID_ELTHUNDER,,,,,,,,,,,JID_THUNDERSAGE
\zmap\bmap0302\dispos_h.bin,3a,5564,2,5065,IID_HAMMER,5157,IID_STEELPOLEAXE,,,,,,,,,JID_WARRIOR
\zmap\bmap0303\dispos_h.bin,3a,7440,2,7294,IID_STEELBOW,,,,,,,,,,,JID_ARROWKNIGHT
\zmap\bmap0303\dispos_h.bin,3a,7456,2,7212,IID_RECOVER/D,7191,IID_LIVE,7226,IID_RELIVE,,,,,,,JID_BISHOP
\zmap\bmap0303\dispos_h.bin,3a,7467,2,7384,IID_STORMSWORD,7052,IID_STEELSWORD,,,,,,,,,JID_BLADEDUX
\zmap\bmap0303\dispos_h.bin,3a,7480,2,7279,IID_STEELBLADE,7065,IID_STEELSWORD,,,,,,,,,JID_BLADEKNIGHT
\zmap\bmap0303\dispos_h.bin,3a,7517,2,7266,IID_STEELAXE,7200,IID_STEELLANCE,7354,IID_STEELSPEAR,7307,IID_STEELPOLEAXE,7430,IID_HANDAXE,,,JID_DRAGONMASTER
\zmap\bmap0303\dispos_h.bin,3a,7534,2,7175,IID_HORSEKILLER,,,,,,,,,,,JID_GLORYDUX
\zmap\bmap0303\dispos_h.bin,3a,7547,2,7496,IID_STEELSPEAR,7506,IID_STEELLANCE,,,,,,,,,JID_GLORYKNIGHT
\zmap\bmap0303\dispos_h.bin,3a,7563,2,7149,IID_HANDAXE,7592,IID_STEELAXE,7138,IID_HAMMER,,,,,,,JID_GREATDUX
\zmap\bmap0303\dispos_h.bin,3a,7576,2,7625,IID_STEELAXE,7337,IID_STEELPOLEAXE,7642,IID_HANDAXE,,,,,,,JID_GREATKNIGHT
\zmap\bmap0303\dispos_h.bin,3a,7610,2,7322,IID_STEELLANCE,,,,,,,,,,,JID_HALBERDIER
\zmap\bmap0303\dispos_h.bin,3a,7665,2,7369,IID_STEELSWORD,,,,,,,,,,,JID_SWORDMASTER
\zmap\bmap0303\dispos_h.bin,3a,7717,2,7113,IID_ELTHUNDER,7399,IID_THUNDERSTORM,,,,,,,,,JID_THUNDERSAGE
\zmap\bmap0303\dispos_h.bin,3a,7745,2,7127,IID_ELWIND,,,,,,,,,,,JID_WINDSAGE
\zmap\bmap0304\dispos_h.bin,3a,6976,2,6503,IID_ELLIGHT,6607,IID_RELIVE,,,,,,,,,JID_BISHOP
\zmap\bmap0304\dispos_h.bin,3a,6860,2,6781,IID_STEELSWORD,6674,IID_STEELBLADE,6796,IID_STORMSWORD,6645,IID_SILVERSWORD,,,,,JID_BLADEDUX
\zmap\bmap0304\dispos_h.bin,3a,6921,2,6492,IID_ELFIRE,,,,,,,,,,,JID_FIRESAGE
\zmap\bmap0304\dispos_h.bin,3a,6934,2,6717,IID_STEELLANCE,6570,IID_HANDSPEAR,6766,IID_STEELSPEAR,,,,,,,JID_GLORYDUX
\zmap\bmap0304\dispos_h.bin,3a,6963,2,6558,IID_HANDAXE,6749,IID_STEELPOLEAXE,,,,,,,,,JID_GREATDUX
\zmap\bmap0304\dispos_h.bin,3a,6994,2,6456,IID_STEELLANCE,6469,IID_HANDSPEAR,6630,IID_SHORTSPEAR,6598,IID_STEELSPEAR,,,,,JID_HALBERDIER
\zmap\bmap0304\dispos_h.bin,3a,7048,2,6732,IID_STEELLONGBOW,6584,IID_KILLERBOW,6689,IID_STEELBOW,,,,,,,JID_SNIPER
\zmap\bmap0304\dispos_h.bin,3a,7059,2,6661,IID_STEELSWORD,6702,IID_STEELBLADE,,,,,,,,,JID_SWORDMASTER
\zmap\bmap0304\dispos_h.bin,3a,7075,2,6515,IID_ELTHUNDER,,,,,,,,,,,JID_THUNDERSAGE
\zmap\bmap0304\dispos_h.bin,3a,7103,2,6529,IID_ELWIND,,,,,,,,,,,JID_WINDSAGE
\zmap\bmap0305\dispos_h.bin,3a,6133,2,5688,IID_STEELPOLEAXE,,,,,,,,,,,JID_DRAGONMASTER
\zmap\bmap0305\dispos_h.bin,3a,6150,2,5785,IID_ELFIRE,,,,,,,,,,,JID_FIRESAGE
\zmap\bmap0305\dispos_h.bin,3a,6163,2,5881,IID_SHORTSPEAR,,,,,,,,,,,JID_GLORYDUX
\zmap\bmap0305\dispos_h.bin,3a,6176,2,5954,IID_STEELPOLEAXE,,,,,,,,,,,JID_GREATDUX
\zmap\bmap0305\dispos_h.bin,3a,6189,2,5922,IID_STEELLANCE,5717,IID_SHORTSPEAR,5971,IID_STEELSPEAR,,,,,,,JID_HALBERDIER
\zmap\bmap0305\dispos_h.bin,3a,6204,2,5909,IID_STEELBOW,5937,IID_STEELLONGBOW,,,,,,,,,JID_SNIPER
\zmap\bmap0305\dispos_h.bin,3a,6215,2,5986,IID_STEELSWORD,5768,IID_DRAGONKILLER,,,,,,,,,JID_SWORDMASTER
\zmap\bmap0305\dispos_h.bin,3a,6249,2,5796,IID_ELTHUNDER,,,,,,,,,,,JID_THUNDERSAGE
\zmap\bmap0305\dispos_h.bin,3a,6265,2,5896,IID_STEELAXE,5755,IID_CROSSBOW,,,,,,,,,JID_WARRIOR
\zmap\bmap0306\dispos_h.bin,3a,8494,2,8100,IID_STEELBOW,,,,,,,,,,,JID_ARROWKNIGHT
\zmap\bmap0306\dispos_h.bin,3a,8510,2,8304,IID_RELIVE,,,,,,,,,,,JID_BISHOP
\zmap\bmap0306\dispos_h.bin,3a,8521,2,8374,IID_STEELBLADE,8113,IID_STEELSWORD,,,,,,,,,JID_BLADEDUX
\zmap\bmap0306\dispos_h.bin,3a,8534,2,8151,IID_DRAGONKILLER,8272,IID_STEELBLADE,,,,,,,,,JID_BLADEKNIGHT
\zmap\bmap0306\dispos_h.bin,3a,8588,2,8168,IID_ELFIRE,8293,IID_METEOR,,,,,,,,,JID_FIRESAGE
\zmap\bmap0306\dispos_h.bin,3a,8601,2,8402,IID_STEELLANCE,8328,IID_SHORTSPEAR,,,,,,,,,JID_GLORYDUX
\zmap\bmap0306\dispos_h.bin,3a,8614,2,8281,IID_STEELLANCE,8434,IID_STEELSPEAR,8256,IID_HORSEKILLER,8550,IID_SHORTSPEAR,,,,,JID_GLORYKNIGHT
\zmap\bmap0306\dispos_h.bin,3a,8643,2,8560,IID_STEELPOLEAXE,8692,IID_STEELAXE,,,,,,,,,JID_GREATKNIGHT
\zmap\bmap0306\dispos_h.bin,3a,8677,2,8709,IID_STEELLANCE,8242,IID_HANDSPEAR,,,,,,,,,JID_HALBERDIER
\zmap\bmap0306\dispos_h.bin,3a,8725,2,8389,IID_STEELBOW,,,,,,,,,,,JID_SNIPER
\zmap\bmap0306\dispos_h.bin,3a,8736,2,8449,IID_STEELSWORD,,,,,,,,,,,JID_SWORDMASTER
\zmap\bmap0306\dispos_h.bin,3a,8788,2,8190,IID_ELTHUNDER,,,,,,,,,,,JID_THUNDERSAGE
\zmap\bmap0306\dispos_h.bin,3a,8804,2,8138,IID_CROSSBOW,8417,IID_STEELPOLEAXE,8361,IID_STEELAXE,,,,,,,JID_WARRIOR
\zmap\bmap0306\dispos_h.bin,3a,8816,2,8204,IID_ELWIND,,,,,,,,,,,JID_WINDSAGE
\zmap\bmap0307\dispos_h.bin,3a,7053,2,6772,IID_OLIVI,,,,,,,,,,,JID_BEASTTRIBE_C
\zmap\bmap0307\dispos_h.bin,3a,7089,2,6797,IID_OLIVI,,,,,,,,,,,JID_BEASTTRIBE_T
\zmap\bmap0307\dispos_h.bin,3a,7123,2,6877,IID_REBLOW,6846,IID_LIVE,,,,,,,,,JID_BISHOP
\zmap\bmap0307\dispos_h.bin,3a,7144,2,6809,IID_HERB,,,,,,,,,,,JID_CAT
\zmap\bmap0307\dispos_h.bin,3a,7198,2,6965,IID_STEELLANCE,,,,,,,,,,,JID_HALBERDIER
\zmap\bmap0307\dispos_h.bin,3a,7268,2,6937,IID_STEELBOW,,,,,,,,,,,JID_SNIPER
\zmap\bmap0307\dispos_h.bin,3a,7324,2,6823,IID_HERB,,,,,,,,,,,JID_TIGER
\zmap\bmap0308\dispos_h.bin,3b,9635,2,9269,IID_REBLOW,9280,IID_RELIVE,,,,,,,,,JID_BISHOP
\zmap\bmap0308\dispos_h.bin,3b,9724,2,9500,IID_STEELPOLEAXE,9347,IID_STEELAXE,9833,IID_STEELLANCE,9851,IID_STEELSPEAR,9865,IID_HANDAXE,,,JID_DRAGONMASTER
\zmap\bmap0308\dispos_h.bin,3b,9753,2,9081,IID_ELFIRE,,,,,,,,,,,JID_FIRESAGE
\zmap\bmap0308\dispos_h.bin,3b,9766,2,9878,IID_SHORTSPEAR,,,,,,,,,,,JID_GLORYDUX
\zmap\bmap0308\dispos_h.bin,3b,9779,2,9319,IID_SHORTAXE,,,,,,,,,,,JID_GREATDUX
\zmap\bmap0308\dispos_h.bin,3b,9792,2,9451,IID_STEELLANCE,9517,IID_STEELSPEAR,9332,IID_SHORTSPEAR,9230,IID_KILLERLANCE,,,,,JID_HALBERDIER
\zmap\bmap0308\dispos_h.bin,3b,9916,2,9483,IID_STEELLONGBOW,9390,IID_STEELBOW,,,,,,,,,JID_SNIPER
\zmap\bmap0308\dispos_h.bin,3b,9956,2,9064,IID_DRAGONKILLER,9549,IID_STORMSWORD,9375,IID_STEELBLADE,,,,,,,JID_SWORDMASTER
\zmap\bmap0308\dispos_h.bin,3b,9972,2,9106,IID_ELTHUNDER,,,,,,,,,,,JID_THUNDERSAGE
\zmap\bmap0308\dispos_h.bin,3b,9988,2,9158,IID_HANDAXE,9051,IID_CROSSBOW,9894,IID_STEELPOLEAXE,,,,,,,JID_WARRIOR
\zmap\bmap0308\dispos_h.bin,3b,10000,2,9120,IID_ELWIND,9564,IID_THUNDER,,,,,,,,,JID_WINDSAGE
\zmap\bmap0309\dispos_h.bin,3b,6304,2,6046,IID_RELIVE,,,,,,,,,,,JID_BISHOP
\zmap\bmap0309\dispos_h.bin,3b,6315,2,5900,IID_STEELBLADE,6223,IID_STORMSWORD,,,,,,,,,JID_BLADEDUX
\zmap\bmap0309\dispos_h.bin,3b,6366,2,6262,IID_WORM,,,,,,,,,,,JID_DRUID
\zmap\bmap0309\dispos_h.bin,3b,6376,2,5970,IID_ELFIRE,,,,,,,,,,,JID_FIRESAGE
\zmap\bmap0309\dispos_h.bin,3b,6389,2,6193,IID_STEELSPEAR,6070,IID_SHORTSPEAR,,,,,,,,,JID_GLORYDUX
\zmap\bmap0309\dispos_h.bin,3b,6418,2,6176,IID_STEELPOLEAXE,6057,IID_SHORTAXE,,,,,,,,,JID_GREATDUX
\zmap\bmap0309\dispos_h.bin,3b,6431,2,6144,IID_STEELLANCE,5913,IID_STEELSPEAR,,,,,,,,,JID_HALBERDIER
\zmap\bmap0309\dispos_h.bin,3b,6462,2,6159,IID_STEELLONGBOW,6131,IID_STEELBOW,5942,IID_CROSSBOW,,,,,,,JID_SNIPER
\zmap\bmap0309\dispos_h.bin,3b,6473,2,6208,IID_STEELSWORD,6116,IID_STEELBLADE,,,,,,,,,JID_SWORDMASTER
\zmap\bmap0309\dispos_h.bin,3b,6507,2,5981,IID_ELTHUNDER,,,,,,,,,,,JID_THUNDERSAGE
\zmap\bmap0309\dispos_h.bin,3b,6523,2,6252,IID_STEELPOLEAXE,5955,IID_CROSSBOW/D,,,,,,,,,JID_WARRIOR
\zmap\bmap0309\dispos_h.bin,3b,6535,2,5995,IID_ELWIND,,,,,,,,,,,JID_WINDSAGE
\zmap\bmap0310\dispos_h.bin,3b,4908,2,4656,IID_REBLOW,4667,IID_RELIVE,,,,,,,,,JID_BISHOP
\zmap\bmap0310\dispos_h.bin,3b,4919,2,4575,IID_STEELSWORD,,,,,,,,,,,JID_BLADEDUX
\zmap\bmap0310\dispos_h.bin,3b,4980,2,4586,IID_SHORTSPEAR,4626,IID_STEELSPEAR,,,,,,,,,JID_GLORYKNIGHT
\zmap\bmap0310\dispos_h.bin,3b,4996,2,4640,IID_STEELAXE,,,,,,,,,,,JID_GREATDUX
\zmap\bmap0310\dispos_h.bin,3b,5025,2,4678,IID_SHORTSPEAR,4798,IID_STEELLANCE/D,4832,IID_STEELSPEAR,4612,IID_HANDSPEAR,4693,IID_STEELLANCE,,,JID_HALBERDIER
\zmap\bmap0310\dispos_h.bin,3b,5040,2,4770,IID_STEELBOW,,,,,,,,,,,JID_SNIPER
\zmap\bmap0310\dispos_h.bin,3b,5051,1,4783,IID_STEELLANCE,,,,,,,,,,,JID_SOLDIER
\zmap\bmap0310\dispos_h.bin,3b,5063,2,4755,IID_STEELBLADE,4876,IID_WINDSWORD,4847,IID_STEELSWORD,,,,,,,JID_SWORDMASTER
\zmap\bmap0310\dispos_h.bin,3b,5079,2,4742,IID_STEELAXE,4598,IID_HANDAXE/D,4815,IID_STEELPOLEAXE,,,,,,,JID_WARRIOR
\zmap\bmap0311\dispos_h.bin,3b,9645,2,9168,IID_STEELBOW,,,,,,,,,,,JID_ARROWKNIGHT
\zmap\bmap0311\dispos_h.bin,3b,9712,2,9362,IID_PURGE,9270,IID_ELLIGHT,9383,IID_RELIVE,9372,IID_REBLOW,,,,,JID_BISHOP
\zmap\bmap0311\dispos_h.bin,3b,9723,2,9466,IID_STEELBLADE,9198,IID_STEELSWORD,9348,IID_KILLSWORD,9240,IID_DRAGONKILLER,,,,,JID_BLADEKNIGHT
\zmap\bmap0311\dispos_h.bin,3b,9760,2,9541,IID_STEELPOLEAXE,,,,,,,,,,,JID_DRAGONMASTER
\zmap\bmap0311\dispos_h.bin,3b,9809,2,9407,IID_SHORTSPEAR,,,,,,,,,,,JID_GLORYDUX
\zmap\bmap0311\dispos_h.bin,3b,9822,2,9558,IID_STEELSPEAR,9619,IID_STEELLANCE,9661,IID_SHORTSPEAR,,,,,,,JID_GLORYKNIGHT
\zmap\bmap0311\dispos_h.bin,3b,9838,2,9394,IID_SHORTAXE,9293,IID_HAMMER,9739,IID_STEELPOLEAXE,,,,,,,JID_GREATDUX
\zmap\bmap0311\dispos_h.bin,3b,9851,2,9451,IID_STEELPOLEAXE,9438,IID_STEELAXE,9749,IID_SHORTAXE,,,,,,,JID_GREATKNIGHT
\zmap\bmap0311\dispos_h.bin,3b,9885,2,9509,IID_STEELLANCE,,,,,,,,,,,JID_HALBERDIER
\zmap\bmap0311\dispos_h.bin,3b,9926,2,9481,IID_STEELBOW,9227,IID_CROSSBOW,,,,,,,,,JID_SNIPER
\zmap\bmap0311\dispos_h.bin,3b,9937,2,9573,IID_STEELSWORD,,,,,,,,,,,JID_SWORDMASTER
\zmap\bmap0311\dispos_h.bin,3b,9971,2,9794,IID_STEELPOLEAXE,,,,,,,,,,,JID_WARRIOR
\zmap\bmap0312\dispos_h.bin,3b,8178,2,7672,IID_STEELBOW,,,,,,,,,,,JID_ARROWKNIGHT
\zmap\bmap0312\dispos_h.bin,3b,8244,2,7921,IID_RESCUE/L,7761,IID_ELLIGHT,7910,IID_RELIVE,7899,IID_REBLOW,,,,,JID_BISHOP
\zmap\bmap0312\dispos_h.bin,3b,8255,2,8124,IID_STEELSWORD,,,,,,,,,,,JID_BLADEDUX
\zmap\bmap0312\dispos_h.bin,3b,8268,2,8018,IID_SILVERSWORD,8139,IID_STORMSWORD,7697,IID_STEELSWORD,,,,,,,JID_BLADEKNIGHT
\zmap\bmap0312\dispos_h.bin,3b,8305,2,7814,IID_HAMMER,7851,IID_HORSEKILLER/D,8194,IID_STEELAXE,,,,,,,JID_DRAGONMASTER
\zmap\bmap0312\dispos_h.bin,3b,8339,2,7739,IID_ELFIRE,,,,,,,,,,,JID_FIRESAGE
\zmap\bmap0312\dispos_h.bin,3b,8352,2,7973,IID_SHORTSPEAR,7883,IID_KILLERLANCE,8109,IID_STEELSPEAR,8211,IID_STEELLANCE,,,,,JID_GLORYDUX
\zmap\bmap0312\dispos_h.bin,3b,8365,2,8284,IID_STEELLANCE,8034,IID_STEELSPEAR,,,,,,,,,JID_GLORYKNIGHT
\zmap\bmap0312\dispos_h.bin,3b,8381,2,8294,IID_SHORTAXE,,,,,,,,,,,JID_GREATDUX
\zmap\bmap0312\dispos_h.bin,3b,8394,2,8051,IID_STEELAXE,7825,IID_HANDAXE,8092,IID_STEELPOLEAXE,,,,,,,JID_GREATKNIGHT
\zmap\bmap0312\dispos_h.bin,3b,8428,2,8077,IID_STEELLANCE,8410,IID_STEELSPEAR,,,,,,,,,JID_HALBERDIER
\zmap\bmap0312\dispos_h.bin,3b,8474,2,8064,IID_STEELBOW,7726,IID_CROSSBOW,7988,IID_SILVERBOW,,,,,,,JID_SNIPER
\zmap\bmap0312\dispos_h.bin,3b,8485,2,8456,IID_STEELSWORD,8168,IID_WATOU,,,,,,,,,JID_SWORDMASTER
\zmap\bmap0312\dispos_h.bin,3b,8501,2,7773,IID_ELTHUNDER,7798,IID_GIGATHUNDER,,,,,,,,,JID_THUNDERSAGE
\zmap\bmap0312\dispos_h.bin,3b,8517,2,7960,IID_SHORTAXE,12433,IID_STEELPOLEAXE,,,,,,,,,JID_WARRIOR
\zmap\bmap0312\dispos_h.bin,3b,8529,2,7787,IID_ELWIND,,,,,,,,,,,JID_WINDSAGE
\zmap\bmap0313\dispos_h.bin,3b,12393,1,18608,IID_IRONBOW,18617,IID_STEELBOW,,,,,,,,,JID_ARCHER
\zmap\bmap0313\dispos_h.bin,3b,12404,2,12020,IID_IRONBOW,,,,,,,,,,,JID_ARROWKNIGHT
\zmap\bmap0313\dispos_h.bin,3b,12437,2,11969,IID_ELLIGHT,12109,IID_RELIVE,12098,IID_REBLOW,,,,,,,JID_BISHOP
\zmap\bmap0313\dispos_h.bin,3b,12448,2,18626,IID_STEELSWORD,12333,IID_STORMSWORD,,,,,,,,,JID_BLADEDUX
\zmap\bmap0313\dispos_h.bin,3b,12476,2,18635,IID_STEELPOLEAXE,,,,,,,,,,,JID_DRAGONMASTER
\zmap\bmap0313\dispos_h.bin,3b,12512,2,18644,IID_STEELLANCE,12143,IID_SHORTSPEAR,,,,,,,,,JID_FALCONKNIGHT
\zmap\bmap0313\dispos_h.bin,3b,12529,1,12192,IID_STEELAXE,,,,,,,,,,,JID_FIGHTER
\zmap\bmap0313\dispos_h.bin,3b,12541,2,11958,IID_ELFIRE,,,,,,,,,,,JID_FIRESAGE
\zmap\bmap0313\dispos_h.bin,3b,12554,2,18653,IID_SHORTSPEAR,12158,IID_SILVERLANCE,18662,IID_STEELLANCE,18671,IID_STEELSPEAR,18680,IID_HANDSPEAR,,,JID_GLORYDUX
\zmap\bmap0313\dispos_h.bin,3b,12567,2,12006,IID_HANDSPEAR,18689,IID_STEELLANCE,,,,,,,,,JID_GLORYKNIGHT
\zmap\bmap0313\dispos_h.bin,3b,12601,2,12265,IID_STEELPOLEAXE/D,18698,IID_STEELAXE,18707,IID_SHORTAXE,18716,IID_STEELPOLEAXE,,,,,JID_GREATDUX
\zmap\bmap0313\dispos_h.bin,3b,12614,2,12248,IID_STEELPOLEAXE,12130,IID_SHORTAXE,,,,,,,,,JID_GREATKNIGHT
\zmap\bmap0313\dispos_h.bin,3b,12630,2,12233,IID_STEELLANCE,12303,IID_STEELSPEAR,18725,IID_SHORTSPEAR,,,,,,,JID_HALBERDIER
\zmap\bmap0313\dispos_h.bin,3b,12645,1,18734,IID_STEELLANCE,,,,,,,,,,,JID_LANCEARMOR
\zmap\bmap0313\dispos_h.bin,3b,12708,2,12220,IID_STEELBOW,,,,,,,,,,,JID_SNIPER
\zmap\bmap0313\dispos_h.bin,3b,12719,1,18743,IID_STEELLANCE,12047,IID_IRONLANCE,18752,IID_HANDSPEAR,,,,,,,JID_SOLDIER
\zmap\bmap0313\dispos_h.bin,3b,12731,1,12061,IID_IRONSWORD,,,,,,,,,,,JID_SWORDARMOR
\zmap\bmap0313\dispos_h.bin,3b,12746,2,12318,IID_STEELSWORD,12084,IID_KILLSWORD,12205,IID_STEELBLADE,,,,,,,JID_SWORDMASTER
\zmap\bmap0313\dispos_h.bin,3b,12762,2,11981,IID_ELTHUNDER,,,,,,,,,,,JID_THUNDERSAGE
\zmap\bmap0313\dispos_h.bin,3b,12778,2,18761,IID_STEELPOLEAXE,18770,IID_STEELAXE,,,,,,,,,JID_WARRIOR
\zmap\bmap0313\dispos_h.bin,3b,12790,2,11995,IID_ELWIND,,,,,,,,,,,JID_WINDSAGE
\zmap\bmap0314\dispos_h.bin,3b,13390,2,20282,IID_OLIVI,,,,,,,,,,,JID_BEASTTRIBE_C
\zmap\bmap0314\dispos_h.bin,3b,13407,2,20292,IID_OLIVI,,,,,,,,,,,JID_BEASTTRIBE_T
\zmap\bmap0314\dispos_h.bin,3b,13441,2,20302,IID_OLIVI,,,,,,,,,,,JID_BIRDTRIBE_H
\zmap\bmap0314\dispos_h.bin,3b,13506,2,20222,IID_HERB,,,,,,,,,,,JID_CAT
\zmap\bmap0314\dispos_h.bin,3b,13663,2,20242,IID_HERB,,,,,,,,,,,JID_HAWK
\zmap\bmap0314\dispos_h.bin,3b,13774,2,20262,IID_HERB,,,,,,,,,,,JID_TIGER
\zmap\bmap0315\dispos_h.bin,3c,16496,2,15996,IID_ELLIGHT,16218,IID_SLEEP,16144,IID_RELIVE,,,,,,,JID_BISHOP
\zmap\bmap0315\dispos_h.bin,3c,16526,1,25216,IID_STEELSWORD,,,,,,,,,,,JID_BLADE
\zmap\bmap0315\dispos_h.bin,3c,16564,2,25225,IID_WINDSWORD,25234,IID_STEELSWORD,,,,,,,,,JID_BLADEKNIGHT
\zmap\bmap0315\dispos_h.bin,3c,16622,2,25243,IID_STEELAXE,,,,,,,,,,,JID_DRAGONMASTER
\zmap\bmap0315\dispos_h.bin,3c,16695,1,25252,IID_STEELAXE,25261,IID_HANDAXE,,,,,,,,,JID_FIGHTER
\zmap\bmap0315\dispos_h.bin,3c,16707,2,16333,IID_STEELSPEAR,25270,IID_STEELLANCE,16202,IID_SILVERLANCE,,,,,,,JID_GLORYDUX
\zmap\bmap0315\dispos_h.bin,3c,16720,2,25279,IID_STEELLANCE,25288,IID_STEELSPEAR,,,,,,,,,JID_GLORYKNIGHT
\zmap\bmap0315\dispos_h.bin,3c,16773,2,25297,IID_STEELAXE,,,,,,,,,,,JID_GREATDUX
\zmap\bmap0315\dispos_h.bin,3c,16786,2,25306,IID_SHORTAXE,16316,IID_STEELPOLEAXE,25315,IID_STEELAXE,,,,,,,JID_GREATKNIGHT
\zmap\bmap0315\dispos_h.bin,3c,16802,2,16284,IID_STEELLANCE,16187,IID_SHORTSPEAR,16083,IID_HORSEKILLER,,,,,,,JID_HALBERDIER
\zmap\bmap0315\dispos_h.bin,3c,16950,2,16256,IID_STEELBOW,,,,,,,,,,,JID_SNIPER
\zmap\bmap0315\dispos_h.bin,3c,16961,1,25324,IID_STEELLANCE,16069,IID_HANDSPEAR,,,,,,,,,JID_SOLDIER
\zmap\bmap0315\dispos_h.bin,3c,16973,2,16348,IID_STEELSWORD,16419,IID_WINDSWORD,16241,IID_STEELBLADE,15968,IID_DRAGONKILLER,16363,IID_STORMSWORD,,,JID_SWORDMASTER
\zmap\bmap0315\dispos_h.bin,3c,17007,2,16008,IID_ELTHUNDER,16378,IID_THUNDERSTORM,,,,,,,,,JID_THUNDERSAGE
\zmap\bmap0315\dispos_h.bin,3c,17033,2,16228,IID_STEELAXE,16057,IID_HANDAXE,16174,IID_SHORTAXE,,,,,,,JID_WARRIOR
\zmap\bmap0315\dispos_h.bin,3c,17045,2,16022,IID_ELWIND,15917,IID_BLIZZARD,,,,,,,,,JID_WINDSAGE
\zmap\bmap0401\dispos_h.bin,4a,8918,3,8614,IID_SILVERBOW,8790,IID_STEELLONGBOW,8731,IID_STEELBOW,,,,,,,JID_ARROWKNIGHT_SP
\zmap\bmap0401\dispos_h.bin,4a,8967,3,8410,IID_ELLIGHT,8543,IID_RECOVER,8532,IID_REBLOW,8522,IID_PURGE,8577,IID_SHINE,,,JID_BISHOP_SP
\zmap\bmap0401\dispos_h.bin,4a,8981,3,8422,IID_ENLILSWORD,8660,IID_SILVERSWORD,,,,,,,,,JID_BLADEDUX_SP
\zmap\bmap0401\dispos_h.bin,4a,9013,3,8824,IID_STEELSWORD,8716,IID_STEELBLADE,8498,IID_KILLSWORD,8852,IID_STORMSWORD,,,,,JID_BLADEKNIGHT_SP
\zmap\bmap0401\dispos_h.bin,4a,9078,3,8628,IID_SILVERLANCE,13359,IID_STEELLANCE,8482,IID_KILLERLANCE,,,,,,,JID_GLORYKNIGHT_SP
\zmap\bmap0401\dispos_h.bin,4a,9110,3,8587,IID_SHORTAXE,,,,,,,,,,,JID_GREATDUX_SP
\zmap\bmap0401\dispos_h.bin,4a,9126,3,8600,IID_SILVERAXE,13379,IID_STEELPOLEAXE,13399,IID_STEELAXE,13419,IID_SHORTAXE,,,,,JID_GREATKNIGHT_SP
\zmap\bmap0401\dispos_h.bin,4a,9160,3,8775,IID_STEELLANCE,,,,,,,,,,,JID_HALBERDIER_SP
\zmap\bmap0401\dispos_h.bin,4a,9260,3,13439,IID_STEELSWORD,13459,IID_STORMSWORD,,,,,,,,,JID_SWORDMASTER_SP
\zmap\bmap0401\dispos_h.bin,4a,9291,3,8807,IID_STEELPOLEAXE,8703,IID_STEELAXE,8372,IID_CROSSBOW,,,,,,,JID_WARRIOR_SP
\zmap\bmap0402\dispos_h.bin,4a,7932,3,7621,IID_REBLOW,,,,,,,,,,,JID_BISHOP_SP
\zmap\bmap0402\dispos_h.bin,4a,7946,3,7384,IID_STEELBLADE,7848,IID_STEELSWORD,,,,,,,,,JID_BLADEDUX_SP
\zmap\bmap0402\dispos_h.bin,4a,8010,3,7912,IID_WORM,7570,IID_KAREAU,,,,,,,,,JID_DRUID_SP
\zmap\bmap0402\dispos_h.bin,4a,8023,3,7801,IID_STEELLANCE,7397,IID_STEELSWORD,,,,,,,,,JID_FALCONKNIGHT_SP
\zmap\bmap0402\dispos_h.bin,4a,8043,3,7503,IID_GIGAFIRE,7456,IID_ELFIRE,,,,,,,,,JID_FIRESAGE_SP
\zmap\bmap0402\dispos_h.bin,4a,8072,3,7632,IID_STEELLANCE,7668,IID_SHORTSPEAR,7554,IID_HORSEKILLER,,,,,,,JID_GLORYDUX_SP
\zmap\bmap0402\dispos_h.bin,4a,8123,3,7655,IID_SHORTAXE,7683,IID_SILVERAXE,7886,IID_STEELPOLEAXE,,,,,,,JID_GREATDUX_SP
\zmap\bmap0402\dispos_h.bin,4a,8139,3,7863,IID_STEELLANCE,7833,IID_STEELSPEAR,7711,IID_SILVERLANCE,,,,,,,JID_HALBERDIER_SP
\zmap\bmap0402\dispos_h.bin,4a,8201,3,7788,IID_STEELBOW,7595,IID_KILLERBOW,,,,,,,,,JID_SNIPER_SP
\zmap\bmap0402\dispos_h.bin,4a,8215,3,7773,IID_STEELBLADE,7439,IID_DRAGONKILLER,7898,IID_STEELSWORD,,,,,,,JID_SWORDMASTER_SP
\zmap\bmap0402\dispos_h.bin,4a,8234,3,7478,IID_ELTHUNDER,,,,,,,,,,,JID_THUNDERSAGE_SP
\zmap\bmap0402\dispos_h.bin,4a,8278,3,7760,IID_STEELAXE,7426,IID_CROSSBOW,7816,IID_STEELPOLEAXE,7581,IID_KILLERAXE,,,,,JID_WARRIOR_SP
\zmap\bmap0403\dispos_h.bin,4a,9297,3,13926,IID_STEELBOW,,,,,,,,,,,JID_ARROWKNIGHT_SP
\zmap\bmap0403\dispos_h.bin,4a,9332,3,8964,IID_REBLOW,,,,,,,,,,,JID_BISHOP_SP
\zmap\bmap0403\dispos_h.bin,4a,9346,3,9214,IID_STORMSWORD,13935,IID_STEELBLADE,8938,IID_KILLSWORD,,,,,,,JID_BLADEDUX_SP
\zmap\bmap0403\dispos_h.bin,4a,9362,3,13944,IID_STEELBLADE,,,,,,,,,,,JID_BLADEKNIGHT_SP
\zmap\bmap0403\dispos_h.bin,4a,9394,3,13953,IID_SILVERPOLEAXE,13962,IID_STEELPOLEAXE,,,,,,,,,JID_DRAGONMASTER_SP
\zmap\bmap0403\dispos_h.bin,4a,9414,3,9042,IID_SILVERLANCE,,,,,,,,,,,JID_FALCONKNIGHT_SP
\zmap\bmap0403\dispos_h.bin,4a,9449,3,8827,IID_ELFIRE,8871,IID_GIGAFIRE,,,,,,,,,JID_FIRESAGE_SP
\zmap\bmap0403\dispos_h.bin,4a,9465,3,9199,IID_STEELSPEAR,9150,IID_STEELLANCE,13971,IID_SLENDERSPEAR,,,,,,,JID_GLORYDUX_SP
\zmap\bmap0403\dispos_h.bin,4a,9481,3,13980,IID_STEELSPEAR,,,,,,,,,,,JID_GLORYKNIGHT_SP
\zmap\bmap0403\dispos_h.bin,4a,9513,3,9058,IID_SILVERPOLEAXE,13989,IID_STEELPOLEAXE,9014,IID_SILVERAXE,,,,,,,JID_GREATDUX_SP
\zmap\bmap0403\dispos_h.bin,4a,9545,3,13998,IID_STEELPOLEAXE,,,,,,,,,,,JID_GREATKNIGHT_SP
\zmap\bmap0403\dispos_h.bin,4a,9581,3,9092,IID_SLENDERSPEAR,14007,IID_STEELLANCE,14016,IID_SILVERLANCE,14025,IID_STEELSPEAR,8999,IID_SHORTSPEAR,,,JID_HALBERDIER_SP
\zmap\bmap0403\dispos_h.bin,4a,9638,3,9229,IID_TAKHSH,9137,IID_STEELBOW,9028,IID_SILVERBOW,,,,,,,JID_SNIPER_SP
\zmap\bmap0403\dispos_h.bin,4a,9686,3,9122,IID_STEELBLADE,14034,IID_STORMSWORD,8810,IID_DRAGONKILLER,,,,,,,JID_SWORDMASTER_SP
\zmap\bmap0403\dispos_h.bin,4a,9705,3,8884,IID_GIGATHUNDER,,,,,,,,,,,JID_THUNDERSAGE_SP
\zmap\bmap0403\dispos_h.bin,4a,9724,3,9109,IID_STEELAXE,9182,IID_STEELPOLEAXE,8797,IID_CROSSBOW,8924,IID_KILLERAXE,,,,,JID_WARRIOR_SP
\zmap\bmap0403\dispos_h.bin,4a,9739,3,8900,IID_GIGAWIND,8746,IID_BLIZZARD,8849,IID_ELWIND,,,,,,,JID_WINDSAGE_SP
\zmap\bmap0404\dispos_h.bin,4b,11065,3,10578,IID_PURGE,10403,IID_ELSLEEP,10389,IID_ELSILENCE,10653,IID_SHINE,10588,IID_REBLOW,10377,IID_ELLIGHT,JID_BISHOP_SP
\zmap\bmap0404\dispos_h.bin,4b,11079,3,10440,IID_ENLILSWORD,,,,,,,,,,,JID_BLADEDUX_SP
\zmap\bmap0404\dispos_h.bin,4b,11121,3,10958,IID_STEELPOLEAXE,10992,IID_SHORTAXE,,,,,,,,,JID_DRAGONMASTER_SP
\zmap\bmap0404\dispos_h.bin,4b,11174,3,10355,IID_ELFIRE,10468,IID_GIGAFIRE,,,,,,,,,JID_FIRESAGE_SP
\zmap\bmap0404\dispos_h.bin,4b,11203,3,10663,IID_SHORTAXE,,,,,,,,,,,JID_GREATDUX_SP
\zmap\bmap0404\dispos_h.bin,4b,11234,3,10866,IID_STEELLANCE,10915,IID_STEELSPEAR,10676,IID_SHORTSPEAR,,,,,,,JID_HALBERDIER_SP
\zmap\bmap0404\dispos_h.bin,4b,11331,3,10822,IID_STEELBOW,10540,IID_KILLERBOW,,,,,,,,,JID_SNIPER_SP
\zmap\bmap0404\dispos_h.bin,4b,11379,3,10807,IID_STEELBLADE,10930,IID_STEELSWORD,10554,IID_KILLSWORD,11021,IID_WINDSWORD,,,,,JID_SWORDMASTER_SP
\zmap\bmap0404\dispos_h.bin,4b,11428,3,10794,IID_STEELAXE,10898,IID_STEELPOLEAXE,10300,IID_BOWGUN,10526,IID_KILLERAXE,10328,IID_CROSSBOW,,,JID_WARRIOR_SP
\zmap\bmap0404\dispos_h.bin,4b,11443,3,10497,IID_GIGAWIND,10429,IID_ELWIND,,,,,,,,,JID_WINDSAGE_SP
\zmap\bmap0405\dispos_h.bin,4b,11534,3,11117,IID_SHINE,11063,IID_REBLOW,11509,IID_UNLOCK,11293,IID_SLEEP,,,,,JID_BISHOP_SP
\zmap\bmap0405\dispos_h.bin,4b,11548,3,11277,IID_SILVERSWORD,10812,IID_SILVERBLADE,10825,IID_STEELBLADE,,,,,,,JID_BLADEDUX_SP
\zmap\bmap0405\dispos_h.bin,4b,11616,3,10950,IID_GIGAFIRE,11042,IID_METEOR,,,,,,,,,JID_FIRESAGE_SP
\zmap\bmap0405\dispos_h.bin,4b,11645,3,11303,IID_SLENDERSPEAR,11261,IID_SILVERSPEAR,11017,IID_KILLERLANCE,11379,IID_STEELLANCE,10839,IID_STEELSPEAR,,,JID_GLORYDUX_SP
\zmap\bmap0405\dispos_h.bin,4b,11661,3,11167,IID_SILVERAXE,11243,IID_SILVERPOLEAXE,10992,IID_HAMMER,11127,IID_SHORTAXE,10855,IID_STEELPOLEAXE,,,JID_GREATDUX_SP
\zmap\bmap0405\dispos_h.bin,4b,11677,3,11428,IID_STEELSPEAR,11227,IID_SILVERLANCE,11140,IID_SHORTSPEAR,11033,IID_SLENDERSPEAR,,,,,JID_HALBERDIER_SP
\zmap\bmap0405\dispos_h.bin,4b,11783,3,11335,IID_STEELBOW,11394,IID_STEELLONGBOW,11197,IID_SILVERBOW,,,,,,,JID_SNIPER_SP
\zmap\bmap0405\dispos_h.bin,4b,11797,3,11181,IID_SILVERBLADE,11320,IID_STEELBLADE,10933,IID_ENLILSWORD/D,11443,IID_STEELSWORD,11053,IID_SILVERSWORD,,,JID_SWORDMASTER_SP
\zmap\bmap0405\dispos_h.bin,4b,11816,3,10963,IID_GIGATHUNDER,,,,,,,,,,,JID_THUNDERSAGE_SP
\zmap\bmap0405\dispos_h.bin,4b,11870,3,11458,IID_TAKHSH,11411,IID_STEELPOLEAXE,10884,IID_CROSSBOW,,,,,,,JID_WARRIOR_SP
\zmap\bmap0405\dispos_h.bin,4b,11898,3,10979,IID_GIGAWIND,,,,,,,,,,,JID_WINDSAGE_SP
\zmap\bmap0406\dispos_h.bin,4b,14385,3,14173,IID_HERB,,,,,,,,,,,JID_CAT
\zmap\bmap0406\dispos_h.bin,4b,14393,3,14189,IID_HERB,,,,,,,,,,,JID_CROW
\zmap\bmap0406\dispos_h.bin,4b,14466,3,14206,IID_HERB,,,,,,,,,,,JID_HAWK
\zmap\bmap0406\dispos_h.bin,4b,14514,3,14221,IID_HERB,,,,,,,,,,,JID_REDDRAGON
\zmap\bmap0406\dispos_h.bin,4b,14575,3,14238,IID_HERB,,,,,,,,,,,JID_TIGER
\zmap\bmap0407a\dispos_h.bin,T,9743,3,9421,IID_SHINE,9586,IID_SLEEP,9307,IID_REBLOW,,,,,,,JID_BISHOP_SP
\zmap\bmap0407a\dispos_h.bin,T,9757,3,9140,IID_ENLILSWORD,9472,IID_SILVERBLADE,9570,IID_SILVERSWORD,9622,IID_STORMSWORD,9038,IID_BRAVESWORD,,,JID_BLADEDUX_SP
\zmap\bmap0407a\dispos_h.bin,T,9832,3,9155,IID_GIGAFIRE,8998,IID_BOLGANONE,,,,,,,,,JID_FIRESAGE_SP
\zmap\bmap0407a\dispos_h.bin,T,9848,3,9554,IID_SILVERSPEAR,9502,IID_SILVERLANCE,9431,IID_SHORTSPEAR,,,,,,,JID_GLORYDUX_SP
\zmap\bmap0407a\dispos_h.bin,T,9881,3,9675,IID_TOMAHAWK,9536,IID_SILVERPOLEAXE,9458,IID_SILVERAXE,9012,IID_BRAVEAXE,,,,,JID_GREATDUX_SP
\zmap\bmap0407a\dispos_h.bin,T,10064,3,9727,IID_VALFLECHE/D,9488,IID_SILVERBOW,,,,,,,,,JID_SNIPER_SP
\zmap\bmap0407a\dispos_h.bin,T,10096,3,9168,IID_GIGATHUNDER,9647,IID_THORON,9658,IID_THUNDERSTORM,,,,,,,JID_THUNDERSAGE_SP
\zmap\bmap0407a\dispos_h.bin,T,10128,3,9184,IID_GIGAWIND,8985,IID_BLIZZARD,,,,,,,,,JID_WINDSAGE_SP
\zmap\bmap0407b\dispos_h.bin,T,9903,3,9481,IID_REBLOW,,,,,,,,,,,JID_BISHOP_SP
\zmap\bmap0407b\dispos_h.bin,T,9917,3,9773,IID_SILVERSWORD,,,,,,,,,,,JID_BLADEDUX_SP
\zmap\bmap0407b\dispos_h.bin,T,10019,3,9801,IID_SILVERLANCE,9811,IID_STEELSPEAR,9824,IID_SHORTSPEAR,,,,,,,JID_GLORYDUX_SP
\zmap\bmap0407b\dispos_h.bin,T,10035,3,9834,IID_SILVERAXE,9849,IID_STEELPOLEAXE,9863,IID_SHORTAXE,,,,,,,JID_GREATDUX_SP
\zmap\bmap0407b\dispos_h.bin,T,10051,3,9758,IID_STEELSPEAR,9642,IID_SILVERLANCE,9583,IID_SHORTSPEAR,9694,IID_SILVERSPEAR,,,,,JID_HALBERDIER_SP
\zmap\bmap0407b\dispos_h.bin,T,10223,3,9628,IID_SILVERBOW,,,,,,,,,,,JID_SNIPER_SP
\zmap\bmap0407b\dispos_h.bin,T,10255,3,9726,IID_STEELBLADE,9710,IID_SILVERSWORD,9863,IID_WATOU,9612,IID_SILVERBLADE,9786,IID_STORMSWORD,9873,IID_WINDSWORD,JID_SWORDMASTER_SP
\zmap\bmap0407b\dispos_h.bin,T,10287,3,9741,IID_STEELPOLEAXE,9570,IID_SHORTAXE,9598,IID_SILVERAXE,9676,IID_SILVERPOLEAXE,,,,,JID_WARRIOR_SP
\zmap\bmap0407c\dispos_h.bin,T,8145,3,8048,IID_OLIVI,,,,,,,,,,,JID_DRAGONTRIBE_R
\zmap\bmap0407c\dispos_h.bin,T,8183,3,8058,IID_OLIVI,,,,,,,,,,,JID_DRAGONTRIBE_W
\zmap\bmap0407c\dispos_h.bin,T,8300,3,8073,IID_HERB,,,,,,,,,,,JID_REDDRAGON
\zmap\bmap0407c\dispos_h.bin,T,8415,3,8087,IID_HERB,,,,,,,,,,,JID_WHITEDRAGON
\zmap\bmap0407d\dispos_h.bin,T,6722,3,5967,IID_FIRETAIL,,,,,,,,,,,JID_SPIRIT_F
\zmap\bmap0407d\dispos_h.bin,T,6735,3,6393,IID_THUNDERTAIL,,,,,,,,,,,JID_SPIRIT_S
\zmap\bmap0407d\dispos_h.bin,T,6748,3,6461,IID_WINDTAIL,,,,,,,,,,,JID_SPIRIT_W
\zmap\bmap0407e\dispos_h.bin,T,5779,3,4950,IID_FIRETAIL,,,,,,,,,,,JID_SPIRIT_F
\zmap\bmap0407e\dispos_h.bin,T,5792,3,5412,IID_THUNDERTAIL,,,,,,,,,,,JID_SPIRIT_S
\zmap\bmap0407e\dispos_h.bin,T,5805,3,5492,IID_WINDTAIL,,,,,,,,,,,JID_SPIRIT_W
