PID,growthLocation
Brave,37584
Vanguard,37700
Blade,37808
JID_SWORDMASTER,37920
JID_SWORDMASTER_F,38032
JID_SWORDMASTER_SP,38144
JID_SWORDESCHATOS,38260
JID_SWORDESCHATOS_F,38376
JID_SOLDIER,38480
JID_HALBERDIER,38592
JID_HALBERDIER_F,38704
JID_HALBERDIER_SP,38816
JID_HOLYLANCER,38932
JID_HOLYLANCER_F,39048
JID_FIGHTER,39152
JID_WARRIOR,39264
JID_WARRIOR_SP,39380
JID_AXBRAVE,39500
JID_ARCHER,39608
JID_SNIPER,39728
JID_SNIPER_SP,39848
JID_SAGITTARY,39976
JID_LANCEARMOR,40084
JID_AXARMOR,40192
JID_SWORDARMOR,40300
JID_SWORDARMOR_F,40408
JID_GLORYDUX,40520
JID_GREATDUX,40632
JID_BLADEDUX,40744
JID_BLADEDUX_F,40856
JID_GLORYDUX_SP,40968
JID_GREATDUX_SP,41080
JID_BLADEDUX_SP,41192
JID_MARSHAL_L,41308
JID_MARSHAL_A,41424
JID_MARSHAL_S/F,41540
JID_MARSHAL_Z,41656
JID_DARKKNIGHT,41772
JID_THIEF,41884
JID_ROGUE,42004
JID_ROGUE_F,42120
JID_ESPION,42240
JID_ESPION_F,42360
JID_ASSASSIN,42476
JID_BANDIT,42584
JID_FIREMAGE,42696
JID_THUNDERMAGE,42808
JID_THUNDERMAGE_F,42920
JID_WINDMAGE,43032
JID_LIGHTMAGE,43148
JID_FIRESAGE,43264
JID_FIRESAGE_F,43380
JID_THUNDERSAGE,43496
JID_THUNDERSAGE_F,43612
JID_WINDSAGE,43728
JID_LIGHTSAGE,43848
JID_DARKSAGE,43964
JID_FIRESAGE_SP,44080
JID_THUNDERSAGE_SP,44196
JID_WINDSAGE_SP,44312
JID_ARCHSAGE_F,44432
JID_ARCHSAGE_F/F,44552
JID_ARCHSAGE_T,44672
JID_ARCHSAGE_T/F,44792
JID_ARCHSAGE_W,44912
JID_SHAMAN,45032
JID_CAESER,45152
JID_CHANCELLOR,45272
JID_DRUID,45388
JID_DRUID_SP,45504
JID_SUMMONER,45624
JID_PRIEST,45736
JID_PRIEST_F,45848
JID_BISHOP,45964
JID_BISHOP_F,46080
JID_BISHOP_SP,46196
JID_SAINT,46316
JID_SAINT_F,46436
JID_SAINT_SP,46556
JID_CLERIC,46672
JID_VALKYRIA,46796
JID_SWORDKNIGHT,46904
JID_LANCEKNIGHT,47012
JID_LANCEKNIGHT_F,47120
JID_AXEKNIGHT,47228
JID_BOWKNIGHT,47336
JID_BLADEKNIGHT,47448
JID_GLORYKNIGHT,47560
JID_GLORYKNIGHT_F,47672
JID_GREATKNIGHT,47784
JID_GREATKNIGHT_F,47896
JID_ARROWKNIGHT,48008
JID_ARROWKNIGHT_F,48120
JID_BLADEKNIGHT_SP,48232
JID_GLORYKNIGHT_SP,48344
JID_GREATKNIGHT_SP,48456
JID_ARROWKNIGHT_SP,48568
JID_GOLDKNIGHT_S,48684
JID_GOLDKNIGHT_A,48800
JID_GOLDKNIGHT_A/F,48916
JID_SILVERKNIGHT_L,49032
JID_SILVERKNIGHT_L/F,49148
JID_SILVERKNIGHT_B,49264
JID_PEGASUSKNIGHT,49376
JID_FALCONKNIGHT,49492
JID_FALCONKNIGHT_SP,49608
JID_ENLILKNIGHT,49728
JID_QUEEN,49848
JID_DRAGONKNIGHT,49960
JID_DRAGONKNIGHT_F,50072
JID_DRAGONMASTER,50188
JID_DRAGONMASTER_F,50304
JID_DRAGONMASTER_SP,50420
JID_RLINDWURM,50540
JID_RLINDWURM_F,50660
JID_BEASTTRIBE_L,50768
JID_LION,50884
JID_KINGLION_GI,50996
JID_LION_GI,51116
JID_KINGLION,51232
JID_LION_CA,51356
JID_BEASTTRIBE_T,51464
JID_TIGER,51580
JID_BEASTTRIBE_C,51688
JID_CAT,51804
JID_BEASTTRIBE_C/F,51912
JID_CAT_F,52028
JID_BEASTTRIBE_W,52136
JID_WOLF,52252
JID_QUEENWOLF,52368
JID_WOLF_F,52492
JID_BIRDTRIBE_H,52612
JID_HAWK,52740
JID_KINGHAWK,52868
JID_HAWK_TI,53004
JID_BIRDTRIBE_C,53124
JID_CROW,53252
JID_BIRDTRIBE_C/F,53372
JID_CROW_F,53500
JID_KINGCROW,53628
JID_CROW_NA,53764
JID_PRINCEEGRET,53888
JID_EGRET,54020
JID_PRINCEEGRET_RA,54132
JID_EGRET_RA,54252
JID_PRINCESSEGRET,54376
JID_EGRET_LE,54508
JID_DRAGONTRIBE_R,54616
JID_REDDRAGON,54732
JID_DRAGONTRIBE_R/F,54840
JID_REDDRAGON_F,54956
JID_DRAGONTRIBE_W,55064
JID_WHITEDRAGON,55180
JID_DRAGONKING,55296
JID_BLACKDRAGON,55424
JID_DRAGONPRINCE,55532
JID_BLACKDRAGON_KU,55652
