JID_SI1,JID_LI1,JID_AI1,JID_BI1,JID_AA1,JID_LA1,JID_SA1,JID_KI1,JID_AI0,JID_FI1,JID_TI1,JID_WI1,JID_MI1,JID_HI1,JID_SM1,JID_LM1,JID_AM1,JID_BM1,JID_LF1,JID_AF1,,,,,,,,,,,,,,,,,,,
JID_SU2,JID_SI2,JID_LI2,JID_AI2,JID_BI2,JID_AA2,JID_LA2,JID_SA2,JID_KI2,JID_FI2,JID_TI2,JID_WI2,JID_MI2,JID_DU2,JID_DI2,JID_HI2,JID_HU5,JID_SM2,JID_AM2,JID_LM2,JID_BM2,JID_LF2,JID_AF2,JID_1T0,JID_1C0,JID_1W0,JID_1B0,JID_1R0,JID_1L0,JID_1DR,JID_1DW,JID_1DB,,,,,,,
JID_SIS,JID_LIS,JID_AIS,JID_BIS,JID_AAS,JID_LAS,JID_SAS,JID_FIS,JID_TIS,JID_WIS,JID_DIS,JID_HIS,JID_HUS,JID_SMS,JID_AMS,JID_LMS,JID_BMS,JID_LFS,JID_AFS,JID_1T0,JID_1C0,JID_1W0,JID_1B0,JID_1R0,JID_1L0,JID_1DR,JID_1DW,JID_1DB,JID_FSP,JID_TSP,JID_WSP,,,,,,,,
JID_SU3,JID_SI3,JID_LI3,JID_AI3,JID_BI3,JID_AA3,JID_LA3,JID_SA0,JID_KI3,JID_KU3,JID_FI3,JID_DU3,JID_TI6,JID_WI3,JID_MI3,JID_FU6,JID_MU3,JID_DI3,JID_HI3,JID_HU6,JID_SM3,JID_AM3,JID_LM3,JID_BM6,JID_LF3,JID_SU6,JID_AF3,JID_1T0,JID_1C0,JID_1W0,JID_1B0,JID_1R0,JID_1L0,JID_1DR,JID_1DW,JID_1DB,JID_FSP,JID_TSP,JID_WSP
JID_SU3,JID_SI3,JID_LI3,JID_AI3,JID_BI3,JID_AA3,JID_LA3,JID_SA0,JID_KI3,JID_KU3,JID_FI3,JID_DU3,JID_TI6,JID_WI3,JID_MI3,JID_FU6,JID_MU3,JID_DI3,JID_HI3,JID_HU6,JID_SM3,JID_AM3,JID_LM3,JID_BM6,JID_LF3,JID_SU6,JID_AF3,JID_5L0,JID_5W0,JID_5R0,JID_5B0,JID_5DB,,,,,,,
