PID,Charblock Address
PID_GOON,7057
PID_GOON_THIEF,7137
PID_GOON_ROGUE,7217
PID_BEGNIONSOLDIER,7457
PID_BEGNIONARCHER,7537
PID_BEGNIONSARMOR,7617
PID_BEGNIONLARMOR,7697
PID_BEGNIONAARMOR,7777
PID_BEGNIONSKNIGHT,7857
PID_BEGNIONLKNIGHT,7937
PID_BEGNIONAKNIGHT,8017
PID_BEGNIONBKNIGHT,8097
PID_BEGNIONPKNIGHT,8177
PID_BEGNIONDKNIGHT,8257
PID_BEGNIONFMAGE,8337
PID_BEGNIONTMAGE,8417
PID_BEGNIONWMAGE,8497
PID_BEGNIONFIGHTER,8577
PID_BEGNIONBLADE,8657
PID_BEGNIONPRIEST,8737
PID_BEGNIONSOLDIER2,8817
PID_BEGNIONARCHER2,8897
PID_BEGNIONSARMOR2,8977
PID_BEGNIONLARMOR2,9057
PID_BEGNIONAARMOR2,9137
PID_BEGNIONSKNIGHT2,9217
PID_BEGNIONLKNIGHT2,9297
PID_BEGNIONAKNIGHT2,9377
PID_BEGNIONBKNIGHT2,9457
PID_BEGNIONPKNIGHT2,9537
PID_BEGNIONDKNIGHT2,9617
PID_BEGNIONFMAGE2,9697
PID_BEGNIONTMAGE2,9777
PID_BEGNIONWMAGE2,9857
PID_BEGNIONBLADE2,10017
PID_BEGNIONFIGHTER2,10097
PID_BEGNIONPRIEST2,10177
PID_BEGNIONSOLDIER_M,10257
PID_CLUPEASOLDIER2,10337
PID_CLUPEAARCHER2,10417
PID_CLUPEASARMOR2,10497
PID_CLUPEALARMOR2,10577
PID_CLUPEAAARMOR2,10657
PID_CLUPEASKNIGHT2,10737
PID_CLUPEALKNIGHT2,10817
PID_CLUPEAAKNIGHT2,10897
PID_CLUPEABKNIGHT2,10977
PID_CLUPEADKNIGHT2,11057
PID_CLUPEABLADE2,11137
PID_CLUPEAFIGHTER2,11217
PID_CLUPEAPRIEST2,11297
PID_DAYNESOLDIER,11377
PID_DAYNEARCHER,11457
PID_DAYNESARMOR,11537
PID_DAYNELARMOR,11617
PID_DAYNEAARMOR,11697
PID_DAYNESKNIGHT,11777
PID_DAYNELKNIGHT,11857
PID_DAYNEAKNIGHT,11937
PID_DAYNEBKNIGHT,12017
PID_DAYNEDKNIGHT,12097
PID_DAYNEFMAGE,12177
PID_DAYNETMAGE,12257
PID_DAYNEWMAGE,12337
PID_DAYNEBLADE,12417
PID_DAYNEFIGHTER,12497
PID_DAYNEPRIEST,12577
PID_DAYNESOLDIER2,12657
PID_DAYNEARCHER2,12737
PID_DAYNESARMOR2,12817
PID_DAYNELARMOR2,12897
PID_DAYNEAARMOR2,12977
PID_DAYNESKNIGHT2,13057
PID_DAYNELKNIGHT2,13137
PID_DAYNEAKNIGHT2,13217
PID_DAYNEBKNIGHT2,13297
PID_DAYNEDKNIGHT2,13377
PID_DAYNEFMAGE2,13457
PID_DAYNETMAGE2,13537
PID_DAYNEWMAGE2,13617
PID_DAYNEDRUID,13697
PID_DAYNEBLADE2,13777
PID_DAYNEFIGHTER2,13857
PID_DAYNEPRIEST2,13937
PID_CRIMEASOLDIER,14017
PID_CRIMEAARCHER,14097
PID_CRIMEASARMOR,14177
PID_CRIMEALARMOR,14257
PID_CRIMEAAARMOR,14337
PID_CRIMEASKNIGHT,14417
PID_CRIMEALKNIGHT,14497
PID_CRIMEAAKNIGHT,14577
PID_CRIMEABKNIGHT,14657
PID_CRIMEAFMAGE,14737
PID_CRIMEATMAGE,14817
PID_CRIMEAWMAGE,14897
PID_CRIMEABLADE,14977
PID_CRIMEAFIGHTER,15057
PID_CRIMEAPRIEST,15137
PID_CRIMEASOLDIER2,15217
PID_CRIMEAARCHER2,15297
PID_CRIMEASARMOR2,15377
PID_CRIMEALARMOR2,15457
PID_CRIMEAAARMOR2,15537
PID_CRIMEASKNIGHT2,15617
PID_CRIMEALKNIGHT2,15697
PID_CRIMEAAKNIGHT2,15777
PID_CRIMEABKNIGHT2,15857
PID_CRIMEAFMAGE2,15937
PID_CRIMEATMAGE2,16017
PID_CRIMEAWMAGE2,16097
PID_CRIMEADRUID,16177
PID_CRIMEABLADE2,16257
PID_CRIMEAFIGHTER,16337
PID_CRIMEAPRIEST2,16417
PID_REBELLIONSOLDIER,16497
PID_REBELLIONARCHER,16577
PID_REBELLIONSARMOR,16657
PID_REBELLIONLARMOR,16737
PID_REBELLIONAARMOR,16817
PID_REBELLIONSKNIGHT,16897
PID_REBELLIONLKNIGHT,16977
PID_REBELLIONAKNIGHT,17057
PID_REBELLIONBKNIGHT,17137
PID_REBELLIONFMAGE,17217
PID_REBELLIONTMAGE,17297
PID_REBELLIONWMAGE,17377
PID_REBELLIONSOLDIER3,17457
PID_REBELLIONARCHER3,17537
PID_REBELLIONBLADE,17617
PID_REBELLIONFIGHTER,17697
PID_REBELLIONSARMOR3,17777
PID_REBELLIONLARMOR3,17857
PID_REBELLIONAARMOR3,17937
PID_REBELLIONSKNIGHT3,18017
PID_REBELLIONLKNIGHT3,18097
PID_REBELLIONAKNIGHT3,18177
PID_REBELLIONPRIEST,18257
PID_REBELLIONSOLDIER2,18337
PID_REBELLIONARCHER2,18417
PID_REBELLIONSARMOR2,18497
PID_REBELLIONLARMOR2,18577
PID_REBELLIONAARMOR2,18657
PID_REBELLIONSKNIGHT2,18737
PID_REBELLIONLKNIGHT2,18817
PID_REBELLIONAKNIGHT2,18897
PID_REBELLIONBKNIGHT2,18977
PID_REBELLIONFMAGE2,19057
PID_REBELLIONTMAGE2,19137
PID_REBELLIONWMAGE2,19217
PID_REBELLIONDRUID,19297
PID_REBELLIONSOLDIER4,19377
PID_REBELLIONARCHER4,19457
PID_REBELLIONBLADE2,19537
PID_REBELLIONFIGHTER2,19617
PID_REBELLIONPRIEST2,19697
PID_REBELLIONBLADE2,19777
PID_REBELLIONFIGHTER2_B,19857
PID_APOSTLESOLDIER,19937
PID_APOSTLEARCHER,20017
PID_APOSTLESARMOR,20097
PID_APOSTLELARMOR,20177
PID_APOSTLEAARMOR,20257
PID_APOSTLESKNIGHT,20337
PID_APOSTLELKNIGHT,20417
PID_APOSTLEAKNIGHT,20497
PID_APOSTLEBKNIGHT,20577
PID_APOSTLEPKNIGHT,20657
PID_APOSTLEDKNIGHT,20737
PID_APOSTLEFMAGE,20817
PID_APOSTLETMAGE,20897
PID_APOSTLEWMAGE,20977
PID_APOSTLEDRUID,21057
PID_APOSTLEBLADE,21137
PID_APOSTLEFIGHTER,21217
PID_APOSTLEPRIEST,21297
PID_FIRESPIRIT,21377
PID_THUNDERSPIRIT,21461
PID_WINDSPIRIT,21545
PID_MARADSKNIGHT,25297
PID_MARADLKNIGHT,25377
PID_MARADAKNIGHT,25457
PID_MARADBKNIGHT,25537