PID_APOSTLESOLDIER,0x4DFC,19988
PID_APOSTLEARCHER,0x4E4C,20068
PID_APOSTLESARMOR,0x4E9C,20148
PID_APOSTLELARMOR,0x4EEC,20228
PID_APOSTLEAARMOR,0x4F3C,20308
PID_APOSTLESKNIGHT,0x4F8C,20388
PID_APOSTLELKNIGHT,0x4FDC,20468
PID_APOSTLEAKNIGHT,0x502C,20548
PID_APOSTLEBKNIGHT,0x507C,20628
PID_APOSTLEPKNIGHT,0x50CC,20708
PID_APOSTLEDKNIGHT,0x511C,20788
PID_APOSTLEFMAGE,0x516C,20868
PID_APOSTLETMAGE,0x51BC,20948
PID_APOSTLEWMAGE,0x520C,21028
PID_APOSTLEDRUID,0x525C,21108
PID_APOSTLEBLADE,0x52AC,21188
PID_APOSTLEFIGHTER,0x52FC,21268
PID_APOSTLEPRIEST,0x534C,21348
