11404,2C8C,44,140,,,PID_DAYNESOLDIER,,44,140
11484,2CDC,44,220,,,PID_DAYNEARCHER,,44,220
11564,2D2C,45,44,,,PID_DAYNESARMOR,,45,44
11644,2D7C,45,124,,,PID_DAYNELARMOR,,45,124
11724,2DCC,45,204,,,PID_DAYNEAARMOR,,45,204
11804,2E1C,46,28,,,PID_DAYNESKNIGHT,,46,28
11884,2E6C,46,108,,,PID_DAYNELKNIGHT,,46,108
11964,2EBC,46,188,,,PID_DAYNEAKNIGHT,,46,188
12044,2F0C,47,12,,,PID_DAYNEBKNIGHT,,47,12
12124,2F5C,47,92,,,PID_DAYNEDKNIGHT,,47,92
14044,36DC,54,220,,,PID_CRIMEASOLDIER,,54,220
14124,372C,55,44,,,PID_CRIMEAARCHER,,55,44
14204,377C,55,124,,,PID_CRIMEASARMOR,,55,124
14284,37CC,55,204,,,PID_CRIMEALARMOR,,55,204
14364,381C,56,28,,,PID_CRIMEAAARMOR,,56,28
14444,386C,56,108,,,PID_CRIMEASKNIGHT,,56,108
14524,38BC,56,188,,,PID_CRIMEALKNIGHT,,56,188
14604,390C,57,12,,,PID_CRIMEAAKNIGHT,,57,12
14684,395C,57,92,,,PID_CRIMEABKNIGHT,,57,92
16524,408C,64,140,,,PID_REBELLIONSOLDIER,,64,140
16604,40DC,64,220,,,PID_REBELLIONARCHER,,64,220
16684,412C,65,44,,,PID_REBELLIONSARMOR,,65,44
16764,417C,65,124,,,PID_REBELLIONLARMOR,,65,124
16844,41CC,65,204,,,PID_REBELLIONAARMOR,,65,204
16924,421C,66,28,,,PID_REBELLIONSKNIGHT,,66,28
17004,426C,66,108,,,PID_REBELLIONLKNIGHT,,66,108
17084,42BC,66,188,,,PID_REBELLIONAKNIGHT,,66,188
17164,430C,67,12,,,PID_REBELLIONBKNIGHT,,67,12
17484,444C,68,76,,,PID_REBELLIONSOLDIER3,,68,76
17564,449C,68,156,,,PID_REBELLIONARCHER3,,68,156
17804,458C,69,140,,,PID_REBELLIONSARMOR3,,69,140
17884,45DC,69,220,,,PID_REBELLIONLARMOR3,,69,220
17964,462C,70,44,,,PID_REBELLIONAARMOR3,,70,44
18044,467C,70,124,,,PID_REBELLIONSKNIGHT3,,70,124
18124,46CC,70,204,,,PID_REBELLIONLKNIGHT3,,70,204
18204,471C,71,28,,,PID_REBELLIONAKNIGHT3,,71,28
25324,62EC,98,236,,,PID_MARADSKNIGHT,,98,236
25404,633C,99,60,,,PID_MARADLKNIGHT,,99,60
25484,638C,99,140,,,PID_MARADAKNIGHT,,99,140
25564,63DC,99,220,,,PID_MARADBKNIGHT,,99,220
12688,3190,49,144,,,PID_DAYNESOLDIER2,,49,144
12768,31E0,49,224,,,PID_DAYNEARCHER2,,49,224
12848,3230,50,48,,,PID_DAYNESARMOR2,,50,48
12928,3280,50,128,,,PID_DAYNELARMOR2,,50,128
13008,32D0,50,208,,,PID_DAYNEAARMOR2,,50,208
13088,3320,51,32,,,PID_DAYNESKNIGHT2,,51,32
13168,3370,51,112,,,PID_DAYNELKNIGHT2,,51,112
13248,33C0,51,192,,,PID_DAYNEAKNIGHT2,,51,192
13328,3410,52,16,,,PID_DAYNEBKNIGHT2,,52,16
13408,3460,52,96,,,PID_DAYNEDKNIGHT2,,52,96
15248,3B90,59,144,,,PID_CRIMEASOLDIER2,,59,144
15328,3BE0,59,224,,,PID_CRIMEAARCHER2,,59,224
15408,3C30,60,48,,,PID_CRIMEASARMOR2,,60,48
15488,3C80,60,128,,,PID_CRIMEALARMOR2,,60,128
15568,3CD0,60,208,,,PID_CRIMEAAARMOR2,,60,208
15648,3D20,61,32,,,PID_CRIMEASKNIGHT2,,61,32
15728,3D70,61,112,,,PID_CRIMEALKNIGHT2,,61,112
15808,3DC0,61,192,,,PID_CRIMEAAKNIGHT2,,61,192
15888,3E10,62,16,,,PID_CRIMEABKNIGHT2,,62,16
18368,47C0,71,192,,,PID_REBELLIONSOLDIER2,,71,192
18448,4810,72,16,,,PID_REBELLIONARCHER2,,72,16
18528,4860,72,96,,,PID_REBELLIONSARMOR2,,72,96
18608,48B0,72,176,,,PID_REBELLIONLARMOR2,,72,176
18688,4900,73,0,,,PID_REBELLIONAARMOR2,,73,0
18768,4950,73,80,,,PID_REBELLIONSKNIGHT2,,73,80
18848,49A0,73,160,,,PID_REBELLIONLKNIGHT2,,73,160
18928,49F0,73,240,,,PID_REBELLIONAKNIGHT2,,73,240
19008,4A40,74,64,,,PID_REBELLIONBKNIGHT2,,74,64
19408,4BD0,75,208,,,PID_REBELLIONSOLDIER4,,75,208
19488,4C20,76,32,,,PID_REBELLIONARCHER4,,76,32
19968,4E00,78,0,,,PID_APOSTLESOLDIER,,78,0
20048,4E50,78,80,,,PID_APOSTLEARCHER,,78,80
20128,4EA0,78,160,,,PID_APOSTLESARMOR,,78,160
20208,4EF0,78,240,,,PID_APOSTLELARMOR,,78,240
20288,4F40,79,64,,,PID_APOSTLEAARMOR,,79,64
20368,4F90,79,144,,,PID_APOSTLESKNIGHT,,79,144
20448,4FE0,79,224,,,PID_APOSTLELKNIGHT,,79,224
20528,5030,80,48,,,PID_APOSTLEAKNIGHT,,80,48
20608,5080,80,128,,,PID_APOSTLEBKNIGHT,,80,128
20688,50D0,80,208,,,PID_APOSTLEPKNIGHT,,80,208
20768,5120,81,32,,,PID_APOSTLEDKNIGHT,,81,32
20848,5170,81,112,,,PID_APOSTLEFMAGE,,81,112
20928,51C0,81,192,,,PID_APOSTLETMAGE,,81,192
21008,5210,82,16,,,PID_APOSTLEWMAGE,,82,16
21088,5260,82,96,,,PID_APOSTLEDRUID,,82,96
21168,52B0,82,176,,,PID_APOSTLEBLADE,,82,176
21248,5300,83,0,,,PID_APOSTLEFIGHTER,,83,0
21328,5350,83,80,,,PID_APOSTLEPRIEST,,83,80
