ChapterFound,New Pointer Location (dec),Item
\Scripts\C0102.cmb,181,IID_HANDAXE
\Scripts\C0102.cmb,133,IID_VULNERARY
\Scripts\C0103.cmb,393,IID_ENERGYDROP
\Scripts\C0103.cmb,415,IID_THANY
\Scripts\C0103.cmb,360,IID_WINDSWORD
\Scripts\C0104.cmb,102,IID_COIN
\Scripts\C0105.cmb,80,IID_ANGELROBE
\Scripts\C0105.cmb,212,IID_BEASTBUSTER
\Scripts\C0105.cmb,196,IID_COIN
\Scripts\C0105.cmb,117,IID_HOLYWATER
\Scripts\C0105.cmb,158,IID_MASTERPROOF
\Scripts\C0106.cmb,88,IID_COIN
\Scripts\C0106.cmb,51,IID_CONCOCTION
\Scripts\C0107.cmb,88,IID_COIN
\Scripts\C0107.cmb,51,IID_MARTIALART
\Scripts\C0107.cmb,104,IID_MASTERPROOF
\Scripts\C0108.cmb,955,IID_BRAVESWORD
\Scripts\C0108.cmb,89,IID_COIN
\Scripts\C0108.cmb,51,IID_MASTERPROOF
\Scripts\C0109.cmb,88,IID_COIN
\Scripts\C0109.cmb,446,IID_GODDESSICON
\Scripts\C0109.cmb,51,IID_MARTIALART
\Scripts\C0109.cmb,382,IID_REST
\Scripts\C0110.cmb,83,IID_COIN
\Scripts\C0110.cmb,51,IID_OLIVI
\Scripts\C0110.cmb,364,IID_THROUGH
\Scripts\C0111.cmb,631,IID_BLUEGEM
\Scripts\C0111.cmb,206,IID_COIN
\Scripts\C0111.cmb,167,IID_DEATHCARD
\Scripts\C0111.cmb,149,IID_PARITY
\Scripts\C0111.cmb,97,IID_SPEEDWING
\Scripts\C0111.cmb,565,IID_THANY
\Scripts\C0111.cmb,188,IID_UNLOCK
\Scripts\C0111.cmb,130,IID_VANTAGE
\Scripts\C0202.cmb,321,IID_CONCOCTION
\Scripts\C0202.cmb,133,IID_GODDESSICON
\Scripts\C0202.cmb,285,IID_HANDSPEAR
\Scripts\C0202.cmb,358,IID_SPECTERCARD
\Scripts\C0202.cmb,250,IID_STEELAXE
\Scripts\C0203.cmb,271,IID_BATTLEWISE
\Scripts\C0203.cmb,834,IID_ELIXIR
\Scripts\C0203.cmb,771,IID_TALISMAN
\Scripts\C0204.cmb,769,IID_BRAVELANCE
\Scripts\C0204.cmb,105,IID_COIN
\Scripts\C0204.cmb,68,IID_MARTIALART
\Scripts\C0204.cmb,840,IID_SILVERAXE
\Scripts\C0205.cmb,112,IID_COIN
\Scripts\C0205.cmb,51,IID_MARTIALART
\Scripts\C0205.cmb,88,IID_OLIVI
\Scripts\C0205.cmb,662,IID_REBLOW
\Scripts\C0301.cmb,51,IID_COIN
\Scripts\C0302.cmb,392,IID_ANGELROBE
\Scripts\C0302.cmb,230,IID_BLUEGEM
\Scripts\C0302.cmb,449,IID_COIN
\Scripts\C0302.cmb,413,IID_JACKLIGHT
\Scripts\C0303.cmb,51,IID_COIN
\Scripts\C0304.cmb,473,IID_BLOSSOM
\Scripts\C0304.cmb,51,IID_COIN
\Scripts\C0304.cmb,432,IID_HAMMERNE
\Scripts\C0304.cmb,376,IID_MASTERCROWN
\Scripts\C0305.cmb,74,IID_ALONDITE
\Scripts\C0305.cmb,447,IID_BLUEGEM
\Scripts\C0305.cmb,109,IID_COIN
\Scripts\C0306.cmb,108,IID_COIN
\Scripts\C0306.cmb,339,IID_CORROSION
\Scripts\C0306.cmb,76,IID_OLIVI
\Scripts\C0307.cmb,399,IID_BRAVEAXE
\Scripts\C0307.cmb,51,IID_BRAVEBOW
\Scripts\C0307.cmb,449,IID_CALADBORG
\Scripts\C0307.cmb,511,IID_LUGHNASAD
\Scripts\C0307.cmb,328,IID_MASTERCROWN
\Scripts\C0307.cmb,562,IID_TARVOS
\Scripts\C0308.cmb,51,IID_COIN
\Scripts\C0308.cmb,281,IID_HOWL
\Scripts\C0309.cmb,51,IID_COIN
\Scripts\C0309.cmb,525,IID_DAUNT
\Scripts\C0310.cmb,90,IID_COIN
\Scripts\C0310.cmb,692,IID_MASTERCROWN
\Scripts\C0310.cmb,51,IID_SPIRITPOWDER
\Scripts\C0311.cmb,51,IID_COIN
\Scripts\C0311.cmb,227,IID_SATORISIGN
\Scripts\C0312.cmb,51,IID_COIN
\Scripts\C0312.cmb,779,IID_CURE
\Scripts\C0312.cmb,615,IID_MASTERCROWN
\Scripts\C0313.cmb,442,IID_BOOTS
\Scripts\C0313.cmb,315,IID_MASTERCROWN
\Scripts\C0313.cmb,525,IID_TOMAHAWK
\Scripts\C0314.cmb,314,IID_ENLILSWORD
\Scripts\C0314.cmb,5072,IID_PURGE
\Scripts\C0314.cmb,402,IID_SLEEP
\Scripts\C0315.cmb,425,IID_CHINONBOW
\Scripts\C0315.cmb,84,IID_COIN
\Scripts\C0315.cmb,51,IID_RESCUE
\Scripts\C0315.cmb,330,IID_SPIRITPOWDER
\Scripts\C0401.cmb,88,IID_COIN
\Scripts\C0401.cmb,51,IID_MARTIALART
\Scripts\C0401.cmb,474,IID_REXBOLT
\Scripts\C0401.cmb,540,IID_SATORISIGN
\Scripts\C0402.cmb,51,IID_COIN
\Scripts\C0402.cmb,118,IID_MARTIALART
\Scripts\C0402.cmb,641,IID_REXCALIBUR
\Scripts\C0402.cmb,96,IID_SATORISIGN
\Scripts\C0403.cmb,51,IID_MARTIALART
\Scripts\C0403.cmb,378,IID_REXFLAME
\Scripts\C0403.cmb,305,IID_SATORISIGN
\Scripts\C0404.cmb,215,IID_ANASTASISCARD
\Scripts\C0404.cmb,240,IID_BASELARD
\Scripts\C0404.cmb,523,IID_BOLGANONE
\Scripts\C0404.cmb,311,IID_CHANGEGEM
\Scripts\C0404.cmb,184,IID_COIN
\Scripts\C0404.cmb,260,IID_DRAGONBUSTER
\Scripts\C0404.cmb,595,IID_RESIRE
\Scripts\C0404.cmb,284,IID_WHITEGEM
\Scripts\C0405.cmb,280,IID_ARBALEST
\Scripts\C0405.cmb,169,IID_BLIZZARD
\Scripts\C0405.cmb,201,IID_BLUEGEM
\Scripts\C0405.cmb,144,IID_COIN
\Scripts\C0405.cmb,498,IID_ELIXIR
\Scripts\C0405.cmb,220,IID_REDGEM
\Scripts\C0405.cmb,261,IID_RESERVE
\Scripts\C0405.cmb,238,IID_STATUESPALL
\Scripts\C0405.cmb,111,IID_VORTEX
\Scripts\C0406.cmb,798,IID_CALL
\Scripts\C0406.cmb,113,IID_COIN
\Scripts\C0406.cmb,720,IID_FENRIR
\Scripts\C0406.cmb,90,IID_GODDESSICON
\Scripts\C0406.cmb,51,IID_OLIVI
\Scripts\C0407a.cmb,80,IID_MATRONA
\Scripts\C0407a.cmb,697,IID_URVAN
\Scripts\C0407c.cmb,489,IID_ELIXIR
\Scripts\C0407c.cmb,615,IID_GUARD
\Scripts\C0407c.cmb,558,IID_PAVIS
