ChapterFound,New Pointer Location (dec),Item
102,17388,vulnerary
102,17408,handaxe
103,7161,windedge
103,7181,thani
103,7201,energydrop
104,8236,coin
105,9749,purewater
105,9769,seraphrobe
105,9789,beastfoe
105,9809,coin
105,9829,masterseal
106,11200,concoction
106,11220,coin
107,16912,armsscroll
107,16932,coin
107,16952,masterseal
108,13576,coin
108,13596,masterseal
108,13616,bravesword
109,20112,restore
109,20132,asheraicon
110,6984,pass
110,7004,coin
110,7024,coin
110,7044,olivigrass
202,9088,asheraicon
202,9108,steelaxe
202,9128,javelin
202,9148,concoction
202,9168,spectrecard
203,10620,talisman
203,10640,elixer
203,10660,discipline
204,9248,bravelance
204,9268,silveraxe
205,13141,physic
301,10516,coin
302,7584,bluegem
302,7604,seraphrobe
302,7624,torch
302,7644,coin
304,13257,blossom
304,13277,hammerne
304,13297,mastercrown
305,10956,bluegem
306,6332,corrosion
307,11209,mastercrown
307,11229,braveaxe
307,11249,caladbolg
307,11269,lughnasadh
307,11289,tarvos
308,14657,howl
309,14276,daunt
310,10396,mastercrown
311,12376,satorisign
312,8652,mastercrown
312,8672,imbue
313,17841,mastercrown
313,17861,boots
313,17881,tomahawk
314,21524,tempestblade
314,21544,sleep
315,29188,spiritdust
315,29208,silencer
315,29228,rescue
401,16348,rexbolt
401,16368,satorisign
402,8512,rexcalibur
403,8324,satorisign
403,8344,rexflame
404,10704,bolganone
404,10724,nosferatu
404,10744,dragonfoe
404,10764,daemoncard
404,10784,baselard
404,10804,laguzgem
404,10824,whitegem
404,10844,coin
404,10864,coin
405,11140,elixir
405,11160,statuefrag
405,11180,blizzard
405,11200,redgem
405,11220,fortify
405,11240,arbalest
406,12724,fenrir
406,12744,shriek
407a,20984,urvan
407c,19344,pavise
407c,19364,guard
407c,19384,elixir
