169,144,IID_BEASTKILLER
169,175,IID_BLIZZARD
177,207,IID_BOLGANONE
177,88,IID_BRAVEAXE
177,128,IID_BRAVEBOW
177,42,IID_BRAVELANCE
176,252,IID_BRAVESWORD
169,199,IID_BRONZEAXE
169,227,IID_BRONZEDAGGER
169,244,IID_BRONZEKNIFE
170,4,IID_BRONZELANCE
170,20,IID_BRONZESWORD
170,52,IID_CHINONBOW
170,108,IID_DELICATELANCE
170,126,IID_DELICATESWORD
170,170,IID_DRAGONKILLER
170,204,IID_ELFIRE
170,226,IID_ELLIGHT
170,238,IID_ELTHUNDER
170,252,IID_ELWIND
177,11,IID_ENLILSWORD
177,232,IID_FENRIR
169,213,IID_FIRE
171,28,IID_GIGAFIRE
171,41,IID_GIGATHUNDER
171,57,IID_GIGAWIND
171,70,IID_HAMMER
171,81,IID_HANDAXE
171,93,IID_HANDSPEAR
171,130,IID_HORSEKILLER
171,146,IID_IRONAXE
171,158,IID_IRONBLADE
171,172,IID_IRONBOW
171,184,IID_IRONDAGGER
171,199,IID_IRONKNIFE
171,213,IID_IRONLANCE
171,227,IID_IRONLONGBOW
171,243,IID_IRONPOLEAXE
172,3,IID_IRONSPEAR
172,17,IID_IRONSWORD
172,45,IID_KARD
172,54,IID_KAREAU
172,65,IID_KILLERAXE
172,79,IID_KILLERBOW
172,93,IID_KILLERLANCE
172,109,IID_KILLSWORD
172,123,IID_LIGHT
172,142,IID_LOFABOW
177,221,IID_METEOR
172,217,IID_PESHKABZ
177,74,IID_POISONAXE
177,114,IID_POISONBOW
177,26,IID_POISONLANCE
176,236,IID_POISONSWORD
177,164,IID_PURGE
177,184,IID_RESIRE
173,32,IID_SHINE
173,59,IID_SHORTAXE
173,72,IID_SHORTSPEAR
173,87,IID_SILVERAXE
173,101,IID_SILVERBLADE
173,117,IID_SILVERBOW
173,131,IID_SILVERDAGGER
173,148,IID_SILVERKNIFE
173,164,IID_SILVERLANCE
173,180,IID_SILVERLONGBOW
173,198,IID_SILVERPOLEAXE
173,216,IID_SILVERSPEAR
173,232,IID_SILVERSWORD
177,57,IID_SLENDERSPEAR
174,51,IID_STEELAXE
174,64,IID_STEELBLADE
174,79,IID_STEELBOW
174,92,IID_STEELDAGGER
174,108,IID_STEELKNIFE
174,123,IID_STEELLANCE
174,138,IID_STEELLONGBOW
174,155,IID_STEELPOLEAXE
174,172,IID_STEELSPEAR
174,187,IID_STEELSWORD
174,202,IID_STILETTO
174,215,IID_STORMSWORD
177,174,IID_THANY
174,241,IID_THORON
174,252,IID_THUNDER
175,8,IID_THUNDERSTORM
177,101,IID_TOMAHAWK
175,35,IID_TORNADO
175,63,IID_UERINE
177,195,IID_VALAURA
175,99,IID_WATOU
175,109,IID_WIND
175,118,IID_WINDSWORD
171,7,IID_WORM
180,184,IID_BARV
180,193,IID_BASE
180,202,IID_CALA
180,211,IID_LUGH
180,220,IID_REXA
180,229,IID_REXB
180,238,IID_REXC
180,247,IID_REXF
181,0,IID_TARV
181,9,IID_URVA
181,18,IID_VAGU
181,27,IID_ZANE
181,36,IID_VALF