JID Name,Address,New Name,New Description,Abbrev Name,/zu/ folder,second /zu/ folder,files to make separated by ;,move from this /zu/ folder,files to move separated by ;,REPLACE THIS MJID,e_common name location,e_common pointer location,new mjid pointer,REPLACE THIS MH_J,e_common description location,new mh_j pointer,min weap loc,max weap loc,min weaprank,max weaprank,min weap loc(rand enemy),max weap loc(rand enemy),/ymu/ folder,second /ymu/ folder,files to move separated by ;,move from this /ymu/ folder
JID_SWORDMASTER_F,42680,Dread Fighter,Peerless swordsmen who have;studied the magical arts to gain an;advantage over foes.,JID_SI5,swoUz,,mg.pak,magfUt,mg.pak,MJID_BEASTTRIBE_W,6856,167788,200895,MH_J_BEASTTRIBE_W,35296,194088,300758,300771,C-----D-----,S-----A-----,300302,300315,sworder2_z,,mag_1.ga;mag2_1.ga,mage3_s
JID_SWORDESCHATOS_F,43088,Yasha,Masters of the dark arts as;well as swordsmanship. They are able;to use the Astra combat skill.,JID_SI6,swoSz,swoSs,mg.pak,magfSt,mg.pak,MJID_BLACKDRAGON,6648,167820,200959,MH_J_DRAGONKING,36412,194372,300784,300797,A-----B---C-,*-----S---S-,300328,300341,sworder3_z,sworder3_s,mag_1.ga;mag2_1.ga,mage3_s
JID_HALBERDIER_F,43496,Lancer,Soldiers who imbue their lance;with the cleansing magic of the;goddess.,JID_LI5,solUn,,mg.pak,magtUe,mg.pak,MJID_BLACKDRAGON_KU,6680,167828,200976,MH_J_DRAGONPRINCE,36512,194424,300810,300823,-C-------D--,-S-------A--,300354,300367,soldier2_f,,mag_1.ga;mag2_1.ga,mage3_s
JID_HOLYLANCER_F,43904,Holy Lancer,Holy warriors wielding spears.;They utilize magic and can;Impale their enemies.,JID_LI6,solSn,,mg.pak,magtSe,mg.pak,MJID_CAT,6688,167884,201076,MH_J_BEASTTRIBE_C,35212,194034,300836,300849,-A-----C-B--,-*-----S-S--,300380,300393,soldier3_f,,mag_1.ga;mag2_1.ga,mage3_s
JID_AXBRAVE,44448,,,JID_AI3,figSb,figSn,bw.pak,figSn,bg.pak,,0,0,0,,0,0,300862,300875,--AC--------,--*S--------,300406,300419,,,,
JID_ROGUE,47440,Trickster,Elusive rogues who can heal;allies and open chests.,JID_KI2,thiUs,,mg.pak;rd.pak,swoLe,ms.pak;sw.pak,MJID_CROW,6820,167916,201126,MH_J_BIRDTRIBE_C,35660,194106,300888,300901,----C---D--D,----S---A--A,300432,300445,thief2_s,,mag_1.ga;mag2_1.ga;rod_1.ga,mage3_s
JID_ESPION,47712,Lightning Thief,Rogues who control magic;to both assist allies and destroy foes.;They employ Lethality.,JID_KI3,thiSs,,mg.pak;rd.pak,swoLe,ms.pak;sw.pak,MJID_CROW_NA,6832,167924,201136,MH_J_KINGCROW,35748,194816,300914,300927,----A--CC--B,----*--AA--S,300458,300471,thief3_s,,mag_1.ga;mag2_1.ga;rod_1.ga,mage3_s
JID_ASSASSIN,47984,,,JID_KU3,volke,,bw.pak,arcSc,bw.pak,,0,0,0,,0,0,300940,300953,---BS-------,---S*-------,300484,300497,,,,
JID_FIRESAGE_F,49072,Bartendress,Mages trained in swordplay in order;to heighten their abilities. They;are blessed with radiant power.,JID_FI5,magfUc,,sw.pak;ms.pak,swoUw,sw.pak;ms.pak,MJID_EGRET,6872,168004,201298,MH_J_PRINCEEGRET,35844,195078,300966,300979,C-----C--D--,A-----S--A--,300510,300523,,,,
JID_ARCHSAGE_F/F,50432,Enchantress,Mages who are adept with swords.;They use advanced blade techniques;and Flare to decimate foes.,JID_FI6,magfSc,,sw.pak;ms.pak,swoSw,sw.pak;ms.pak,MJID_EGRET_LE,6884,168012,201309,MH_J_PRINCESSEGRET,36052,195115,300992,301005,B-----A-CB-C,S-----*-AS-S,300536,300549,,,,
JID_LANCEKNIGHT_F,53424,Thunder Kn,Mounted magic wielders who use the;power of lightning to their;advantage.,JID_LM4,knilLf,,mg.pak,knisL,ms.pak,MJID_EGRET_RA,6896,168020,201323,MH_J_PRINCEEGRET_RA,35948,195095,301018,301031,-------D----,-------A----,300562,300575,knight1_sp,,mag_1.ga;mag2_1.ga,mage3_s
JID_GLORYKNIGHT_F,54104,Thunder Pal,Skilled cavalry that can use;thunder magic as well as lances.,JID_LM5,knilUf,knilUo,mg.pak,knisU,ms.pak,MJID_HAWK,6908,168148,201552,MH_J_BIRDTRIBE_H,35476,194123,301044,301057,-D-----C----,-A-----S----,300588,300601,knight2_f,knight2_o,mag_1.ga;mag2_1.ga,mage3_s
JID_SILVERKNIGHT_L/F,55872,Platinum Kn,Masters of horseback who can;control wind and thunder magic.;They heal themselves with Sol.,JID_LM6,silSf,silSo,mg.pak,golSk,ms.pak,MJID_HAWK_TI,6920,168156,201562,MH_J_KINGHAWK,35564,194830,301070,301083,-B-C---A----,-S-S---*----,300614,300627,knight3_f,knight3_o,mag_1.ga;mag2_1.ga,mage3_s
JID_GREATKNIGHT_F,54376,Fire Pal,Skilled cavalry who blaze through;enemy lines with fire magic and;axes.,JID_AM5,kniaUk,,mg.pak,knisU,ms.pak,MJID_LION,50236,168252,201724,MH_J_BEASTTRIBE_L,34812,194052,301096,301109,--D---C-----,--A---S-----,300640,300653,knight2_ax_k,,mag_1.ga;mag2_1.ga,mage3_s
JID_GOLDKNIGHT_A/F,55600,Copper Kn,Masters of flame on horseback.;Along with fire and wind magic they;equip axes and heal with Sol.,JID_AM6,golSk,,mg.pak,golSk,ms.pak,MJID_LION_CA,6932,168260,201734,MH_J_KINGLION,35020,194844,301122,301135,C-B---A-----,S-S---*-----,300666,300679,knight3_k,,mag_1.ga;mag2_1.ga,mage3_s
JID_QUEEN,56688,,,JID_SU6,erinc,,mg.pak,erinc,ms.pak,,0,0,0,,0,0,301148,301161,B--------B-A,*--------*-S,300692,300705,erincia_p,,mag_1.ga;mag2_1.ga,mage3_s
JID_DRAGONKNIGHT_F,56960,Malig Kn,Wyvern riders who have dabbled in;shadow rituals. Their power;comes from a dark realm.,JID_AF4,dknLj,,mg.pak,pknU,ms.pak,MJID_LION_GI,50248,168268,201747,MH_J_KINGLION_GI,34916,194858,301174,301187,--D-------D-,--A-------A-,300718,300731,d_knight1_j,,mag_1.ga;mag2_1.ga,mage3_s
JID_DRAGONMASTER_F,57232,Malig Master,Terrors of the sky who employ dark;powers to overcome anyone in their;way.,JID_AF5,dknUj,,mg.pak,pknU,ms.pak,MJID_QUEENWOLF,6944,168364,201931,MH_J_QUEENWOLF,35384,195145,301200,301213,-DC-------C-,-AS-------S-,300744,300757,d_knight2_j,,mag_1.ga;mag2_1.ga,mage3_s
JID_RLINDWURM_F,57640,Malig Lord,Dark scourges of the sky.;Those who withstand their dark;attacks are cut down by axes.,JID_AF6,dknSj,,mg.pak,pknSs,ms.pak,MJID_REDDRAGON,6960,168372,201946,MH_J_DRAGONTRIBE_R,36152,194442,301226,301239,-CA-------A-,-S*-------*-,300770,300783,d_knight3_j,,mag_1.ga;mag2_1.ga,mage3_s
JID_BISHOP_F,52200,War Monk,Champions of light who bring;the goddess' salvation... by;force if necessary.,JID_HI5,priUk,,ax.pak;ha.pak,figUb,ax.pak;ha.pak,MJID_TIGER,50208,168540,202243,MH_J_BEASTTRIBE_T,35124,194070,301252,301265,--D------D-C,--A------S-S,300796,300809,,,,
JID_SAINT_F,52608,Crusader,Holy men who travel far and wide;to deliver the goddess' love;via axe and Corona skill.,JID_HI6,priSk,priSo,ax.pak;ha.pak,figSb,ax.pak;ha.pak,MJID_WHITEDRAGON,50196,168580,202307,MH_J_DRAGONTRIBE_W,36320,194482,301278,301291,C-C------C-A,S-S------*-*,300822,300835,,,,
JID_CLERIC,52880,,,JID_HU5,misU,,mg.pak,micU,mg.pak,,0,0,0,,0,0,301304,301317,-D------D--C,-S------S--A,300848,300861,cleric,,mag_1.ga;mag2_1.ga,mage3_s
JID_VALKYRIA,53016,,,JID_HU6,misS,,mg.pak,misS,ms.pak,,0,0,0,,0,0,301330,301343,-B------A--A,-*------*--S,300874,300887,cleric2,,mag_1.ga;mag2_1.ga,mage3_s
JID_ARCHSAGE_W,50840,Son of Ashnard,Soren after learning of his true;birthright. Few can oppose;him as he casts spells from the sky.,JID_WI3,magwSs,,ax.pak;ha.pak;no.pak,dknSh,ax.pak;ha.pak;no.pak,MJID_ARCHSAGE_W,50220,167708,200741,MH_J_ARCHSAGE_W,31972,193934,301356,301369,C-C---DDA---,A-*---SS*---,300900,300913,mage3_s,,pack.cmp,d_knight3_h
