172,17,44049,IID_IRONSWORD
171,7,43783,IID_FIRE
171,146,43922,IID_IRONAXE
172,123,44155,IID_LIGHT
171,172,43948,IID_IRONBOW
174,252,44796,IID_THUNDER
171,213,43989,IID_IRONLANCE
175,109,44909,IID_WIND
171,184,43960,IID_IRONDAGGER
175,132,44932,IID_WORM
177,141,45453,IID_AQQAR
177,151,45463,IID_ARBALEST
180,184,46264,IID_BARV
180,193,46273,IID_BASE
169,144,43408,IID_BEASTKILLER
169,175,43439,IID_BLIZZARD
177,207,45519,IID_BOLGANONE
169,188,43452,IID_BOWGUN
177,88,45400,IID_BRAVEAXE
177,128,45440,IID_BRAVEBOW
177,42,45354,IID_BRAVELANCE
176,252,45308,IID_BRAVESWORD
169,199,43463,IID_BRONZEAXE
169,213,43477,IID_BRONZEBOW
169,227,43491,IID_BRONZEDAGGER
169,244,43508,IID_BRONZEKNIFE
170,4,43524,IID_BRONZELANCE
170,20,43540,IID_BRONZESWORD
180,202,46282,IID_CALA
170,52,43572,IID_CHINONBOW
170,81,43601,IID_CROSSBOW
170,108,43628,IID_DELICATELANCE
170,126,43646,IID_DELICATESWORD
170,170,43690,IID_DRAGONKILLER
170,204,43724,IID_ELFIRE
170,226,43746,IID_ELLIGHT
170,238,43758,IID_ELTHUNDER
170,252,43772,IID_ELWIND
177,11,45323,IID_ENLILSWORD
177,232,45544,IID_FENRIR
171,16,43792,IID_FLORETE
171,28,43804,IID_GIGAFIRE
171,41,43817,IID_GIGATHUNDER
171,57,43833,IID_GIGAWIND
171,70,43846,IID_HAMMER
171,81,43857,IID_HANDAXE
171,93,43869,IID_HANDSPEAR
171,130,43906,IID_HORSEKILLER
171,158,43934,IID_IRONBLADE
171,199,43975,IID_IRONKNIFE
171,227,44003,IID_IRONLONGBOW
171,243,44019,IID_IRONPOLEAXE
172,3,44035,IID_IRONSPEAR
172,45,44077,IID_KARD
172,54,44086,IID_KAREAU
172,65,44097,IID_KILLERAXE
172,79,44111,IID_KILLERBOW
172,93,44125,IID_KILLERLANCE
172,109,44141,IID_KILLSWORD
172,142,44174,IID_LOFABOW
180,211,46291,IID_LUGH
177,221,45533,IID_METEOR
172,217,44249,IID_PESHKABZ
177,74,45386,IID_POISONAXE
177,114,45426,IID_POISONBOW
177,26,45338,IID_POISONLANCE
176,236,45292,IID_POISONSWORD
177,164,45476,IID_PURGE
177,184,45496,IID_RESIRE
180,220,46300,IID_REXA
180,229,46309,IID_REXB
180,238,46318,IID_REXC
180,247,46327,IID_REXF
173,32,44320,IID_SHINE
173,59,44347,IID_SHORTAXE
173,72,44360,IID_SHORTSPEAR
173,87,44375,IID_SILVERAXE
173,101,44389,IID_SILVERBLADE
173,117,44405,IID_SILVERBOW
173,131,44419,IID_SILVERDAGGER
173,148,44436,IID_SILVERKNIFE
173,164,44452,IID_SILVERLANCE
173,180,44468,IID_SILVERLONGBOW
173,198,44486,IID_SILVERPOLEAXE
173,216,44504,IID_SILVERSPEAR
173,232,44520,IID_SILVERSWORD
177,57,45369,IID_SLENDERSPEAR
174,51,44595,IID_STEELAXE
174,64,44608,IID_STEELBLADE
174,79,44623,IID_STEELBOW
174,92,44636,IID_STEELDAGGER
174,108,44652,IID_STEELKNIFE
174,123,44667,IID_STEELLANCE
174,138,44682,IID_STEELLONGBOW
174,155,44699,IID_STEELPOLEAXE
174,172,44716,IID_STEELSPEAR
174,187,44731,IID_STEELSWORD
174,202,44746,IID_STILETTO
174,215,44759,IID_STORMSWORD
174,230,44774,IID_TAKHSH
181,0,46336,IID_TARV
177,174,45486,IID_THANY
174,241,44785,IID_THORON
175,8,44808,IID_THUNDERSTORM
177,101,45413,IID_TOMAHAWK
175,35,44835,IID_TORNADO
175,63,44863,IID_UERINE
181,9,46345,IID_URVA
181,18,46354,IID_VAGU
177,195,45507,IID_VALAURA
181,36,46372,IID_VALF
175,99,44899,IID_WATOU
175,118,44918,IID_WINDSWORD
181,27,46363,IID_ZANE
171,107,43883,IID_HERB
172,197,44229,IID_OLIVI
172,133,44165,IID_LIVE
171,107,43883,IID_HERB
172,133,44165,IID_LIVE
172,133,44165,IID_LIVE
172,197,44229,IID_OLIVI
169,116,43380,IID_ADEPT
169,126,43390,IID_ANASTASISCARD
178,93,45661,IID_ANGELROBE
179,110,45934,IID_BATTLEWISE
169,160,43424,IID_BIRDBUSTER
179,51,45875,IID_BLACKWAVE
179,3,45827,IID_BLESSING
180,56,46136,IID_BLOSSOM
179,16,45840,IID_BOON
178,135,45703,IID_BOOTS
178,215,45783,IID_CALL
179,159,45983,IID_CANCEL
180,68,46148,IID_CELERITY
180,161,46241,IID_CHANGEGEM
170,36,43556,IID_CHANGESTONE
180,175,46255,IID_COIN
170,66,43586,IID_CONCOCTION
170,66,43586,IID_CONCOCTION
179,84,45908,IID_CORROSION
179,180,46004,IID_COUNTER
180,47,46127,IID_CURE
180,13,46093,IID_DAUNT
170,94,43614,IID_DEATHCARD
170,144,43664,IID_DETOXDRUG
170,158,43678,IID_DOORKEY
180,112,46192,IID_DRAGONBUSTER
170,187,43707,IID_DRAGONSHIELD
170,215,43735,IID_ELIXIR
170,215,43735,IID_ELIXIR
177,255,45567,IID_ELSILENCE
178,23,45591,IID_ELSLEEP
178,107,45675,IID_ENERGYDROP
179,246,46070,IID_EXPERT
180,140,46220,IID_GAMBLE
178,159,45727,IID_GODDESSICON
180,92,46172,IID_GUARD
178,245,45813,IID_HALFBEAST
179,75,45899,IID_HIDE
171,116,43892,IID_HOLYWATER
171,116,43892,IID_HOLYWATER
178,206,45774,IID_HOWL
172,31,44063,IID_JACKLIGHT
179,236,46060,IID_LUCKY
172,154,44186,IID_MARTIALART
178,175,45743,IID_MASTERCROWN
178,175,45743,IID_MASTERCROWN
172,169,44201,IID_MASTERPROOF
172,169,44201,IID_MASTERPROOF
181,45,46381,IID_MATR
179,204,46028,IID_MERCY
179,125,45949,IID_MIRACLE
172,185,44217,IID_MSHIELD
179,226,46050,IID_NIHIL
172,207,44239,IID_PANAX
180,23,46103,IID_PARAGON
180,129,46209,IID_PARITY
180,102,46182,IID_PAVIS
180,1,46081,IID_PROVOKE
172,230,44262,IID_REBLOW
172,241,44273,IID_RECOVER
179,25,45849,IID_REDWAVE
179,98,45922,IID_RELEASE
172,253,44285,IID_RELIVE
180,35,46115,IID_RENEWAL
178,35,45603,IID_RESCUE
178,57,45625,IID_RESERVE
179,137,45961,IID_RESOLVE
173,8,44296,IID_REST
173,8,44296,IID_REST
178,46,45614,IID_REWARP
178,191,45759,IID_SATORISIGN
178,191,45759,IID_SATORISIGN
180,81,46161,IID_SAVIOR
173,17,44305,IID_SECRETBOOK
179,65,45889,IID_SHADE
173,42,44330,IID_SHINEBARRIER
177,243,45555,IID_SILENCE
178,13,45581,IID_SLEEP
180,151,46231,IID_SMITE
178,224,45792,IID_SONIC
174,2,44546,IID_SPECTERCARD
178,145,45713,IID_SPEEDWING
174,18,44562,IID_SPIRITPOWDER
174,35,44579,IID_STATUESPALL
178,122,45690,IID_TALISMAN
179,214,46038,IID_THROUGH
175,25,44825,IID_TORCH
175,25,44825,IID_TORCH
175,47,44847,IID_TREASUREKEY
178,82,45650,IID_UNLOCK
179,192,46016,IID_VANTAGE
178,234,45802,IID_VORTEX
175,74,44874,IID_VULNERARY
175,74,44874,IID_VULNERARY
175,88,44888,IID_WARMUP
179,37,45861,IID_WHITEWAVE
179,149,45973,IID_WRATH
