JID,Location (dec),classtype
HERO,42240,p
MYRM,42512,p
SWORDMASTER,42648,p
SWORDMASTER_F,42784,p
SOLDIER,43328,p
HALBERDIER,43464,p
HALBERDIER_F,43600,p
FIGHTER,44144,p
WARRIOR,44280,p
ARCHER,44688,p
SNIPER,44824,p
LANCEARMOR,45232,p
AXARMOR,45368,p
SWORDARMOR,45504,p
SWORDARMOR_F,45640,p
LANCEGEN,45776,p
AXEGEN,45912,p
BLADEGEN,46048,p
BLADEGEN_F,46184,p
THIEF,47408,p
ROGUE,47544,p
ROGUE_F,47680,p
BANDIT,48224,p
FIREMAGE,48360,m
THUNDERMAGE,48496,m
THUNDERMAGE_F,48632,m
WINDMAGE,48768,m
LIGHTMAGE,48904,m
FIRESAGE,49040,m
FIRESAGE_F,49176,m
THUNDERSAGE,49312,m
THUNDERSAGE_F,49448,m
WINDSAGE,49584,m
LIGHTSAGE,49720,m
DARKSAGE,49856,m
DRUID,51488,m
PRIEST,51896,m
PRIEST_F,52032,m
BISHOP,52168,m
BISHOP_F,52304,m
CLERIC,52984,m
SWORDKNIGHT,53256,p
LANCEKNIGHT,53392,p
LANCEKNIGHT_F,53528,p
AXEKNIGHT,53664,p
BOWKNIGHT,53800,p
SWORDPAL,53936,p
LANCEPAL,54072,p
LANCEPAL_F,54208,p
AXEPAL,54344,p
AXEPAL_F,54480,p
BOWPAL,54616,p
BOWPAL_F,54752,p
PEGASUSKNIGHT,56248,p
FALCONKNIGHT,56384,p
DRAGONKNIGHT,56928,p
DRAGONKNIGHT_F,57064,p
DRAGONMASTER,57200,p
DRAGONMASTER_F,57336,p
BEASTTRIBE_L,57880,p
LION,58016,p
KINGLION_GI,58152,p
LION_GI,58288,p
BEASTTRIBE_T,58696,p
TIGER,58832,p
BEASTTRIBE_C,58968,p
CAT,59104,p
BEASTTRIBE_C/F,59240,p
CAT_F,59376,p
BEASTTRIBE_W,59512,p
WOLF,59648,p
BIRDTRIBE_H,60056,p
HAWK,60192,p
BIRDTRIBE_C,60600,p
CROW,60736,p
BIRDTRIBE_C/F,60872,p
CROW_F,61008,p
PRINCEEGRET,61416,m
EGRET,61552,m
PRINCEEGRET_RA,61688,m
EGRET_RA,61824,m
PRINCESSEGRET,61960,m
EGRET_LE,62096,m
DRAGONTRIBE_R,62232,p
REDDRAGON,62368,p
DRAGONTRIBE_R/F,62504,p
REDDRAGON_F,62640,p
DRAGONTRIBE_W,62776,m
WHITEDRAGON,62912,m
DRAGONPRINCE,63320,p
BLACKDRAGON_KU,63456,p
VANGUARD,42376,p
SWORDMASTER_SP,42920,p
TRUEBLADE,43056,p
TRUEBLADE_F,43192,p
HALBERDIER_SP,43736,p
SENTINAL,43872,p
SENTINAL_F,44008,p
WARRIOR_SP,44416,p
AXBRAVE,44552,p
SNIPER_SP,44960,p
MARKSMAN,45096,p
LANCEGEN_SP,46320,p
AXEGEN_SP,46456,p
SWORDGEN_SP,46592,p
MARSHAL_L,46728,p
MARSHAL_A,46864,p
MARSHAL_S/F,47000,p
MARSHAL_Z,47136,p
DARKKNIGHT,47272,p
WHISPER,47816,p
WHISPER_F,47952,p
ASSASSIN,48088,p
FIRESAGE_SP,49992,m
THUNDERSAGE_SP,50128,m
WINDSAGE_SP,50264,m
ARCHSAGE_F,50400,m
ARCHSAGE_F/F,50536,m
ARCHSAGE_D,50672,m
ARCHSAGE_T/F,50808,m
ARCHSAGE_W,50944,m
PRIESTESS,51080,m
EMPRESS,51216,m
CHANCELLOR,51352,m
SUMMONER,51760,m
DRUID_SP,51624,m
BISHOP_SP,52440,m
SAINT,52576,m
SAINT_F,52712,m
SAINT_SP,52848,m
VALKYRIA,53120,m
SWORDPAL_SP,54888,p
LANCEPAL_SP,55024,p
AXEPAL_SP,55160,p
BOWPAL_SP,55296,p
GOLDKNIGHT_S,55432,p
GOLDKNIGHT_A,55568,p
GOLDKNIGHT_A/F,55704,p
SILVERKNIGHT_L,55840,p
SILVERKNIGHT_L/F,55976,p
SILVERKNIGHT_B,56112,p
FALCONKNIGHT_SP,56520,p
SERAPHKNIGHT,56656,p
QUEEN,56792,p
DRAGONMASTER_SP,57472,p
DRAGONLORD,57608,p
DRAGONLORD_F,57744,p
KINGLION,58424,p
LION_CA,58560,p
QUEENWOLF,59784,p
WOLF_F,59920,p
KINGHAWK,60328,p
HAWK_TI,60464,p
KINGCROW,61144,p
CROW_NA,61280,p
DRAGONKING,63048,p
BLACKDRAGON,63184,p
