JID,Location (dec)
Blade,37792
JID_SOLDIER,38464
JID_FIGHTER,39136
JID_ARCHER,39592
JID_LANCEARMOR,40068
JID_AXARMOR,40176
JID_SWORDARMOR,40284
JID_SWORDARMOR_F,40392
JID_THIEF,41868
JID_BANDIT,42568
JID_FIREMAGE,42680
JID_THUNDERMAGE,42792
JID_THUNDERMAGE_F,42904
JID_WINDMAGE,43016
JID_LIGHTMAGE,43132
JID_PRIEST,45720
JID_PRIEST_F,45832
JID_SWORDKNIGHT,46888
JID_LANCEKNIGHT,46996
JID_LANCEKNIGHT_F,47104
JID_AXEKNIGHT,47212
JID_BOWKNIGHT,47320
JID_PEGASUSKNIGHT,49360
JID_DRAGONKNIGHT,49944
JID_DRAGONKNIGHT_F,50056
Brave,37568
JID_SWORDMASTER,37904
JID_SWORDMASTER_F,38016
JID_HALBERDIER,38576
JID_HALBERDIER_F,38688
JID_WARRIOR,39248
JID_SNIPER,39712
JID_GLORYDUX,40504
JID_GREATDUX,40616
JID_BLADEDUX,40728
JID_BLADEDUX_F,40840
JID_ROGUE,41988
JID_ROGUE_F,42104
JID_FIRESAGE,43248
JID_FIRESAGE_F,43364
JID_THUNDERSAGE,43480
JID_THUNDERSAGE_F,43596
JID_WINDSAGE,43712
JID_LIGHTSAGE,43832
JID_DARKSAGE,43948
JID_DRUID,45372
JID_BISHOP,45948
JID_BISHOP_F,46064
JID_CLERIC,46656
JID_BLADEKNIGHT,47432
JID_GLORYKNIGHT,47544
JID_GLORYKNIGHT_F,47656
JID_GREATKNIGHT,47768
JID_GREATKNIGHT_F,47880
JID_ARROWKNIGHT,47992
JID_ARROWKNIGHT_F,48104
JID_FALCONKNIGHT,49476
JID_DRAGONMASTER,50172
JID_DRAGONMASTER_F,50288
JID_BEASTTRIBE_L,50752
JID_KINGLION_GI,50980
JID_KINGLION,51216
JID_BEASTTRIBE_T,51448
JID_BEASTTRIBE_C,51672
JID_BEASTTRIBE_C/F,51896
JID_BEASTTRIBE_W,52120
JID_QUEENWOLF,52352
JID_BIRDTRIBE_H,52596
JID_KINGHAWK,52852
JID_BIRDTRIBE_C,53108
JID_BIRDTRIBE_C/F,53356
JID_KINGCROW,53612
JID_PRINCEEGRET,53872
JID_PRINCEEGRET_RA,54116
JID_PRINCESSEGRET,54360
JID_DRAGONTRIBE_R,54600
JID_DRAGONTRIBE_R/F,54824
JID_DRAGONTRIBE_W,55048
JID_DRAGONKING,55280
JID_DRAGONPRINCE,55516
Vanguard,37684
JID_SWORDMASTER_SP,38128
JID_SWORDESCHATOS,38244
JID_SWORDESCHATOS_F,38360
JID_HALBERDIER_SP,38800
JID_HOLYLANCER,38916
JID_HOLYLANCER_F,39032
JID_WARRIOR_SP,39364
JID_AXBRAVE,39484
JID_SNIPER_SP,39832
JID_SAGITTARY,39960
JID_GLORYDUX_SP,40952
JID_GREATDUX_SP,41064
JID_BLADEDUX_SP,41176
JID_MARSHAL_L,41292
JID_MARSHAL_A,41408
JID_MARSHAL_S/F,41524
JID_MARSHAL_Z,41640
JID_DARKKNIGHT,41756
JID_ESPION,42224
JID_ESPION_F,42344
JID_ASSASSIN,42460
JID_FIRESAGE_SP,44064
JID_THUNDERSAGE_SP,44180
JID_WINDSAGE_SP,44296
JID_ARCHSAGE_F,44416
JID_ARCHSAGE_F/F,44536
JID_ARCHSAGE_T,44656
JID_ARCHSAGE_T/F,44776
JID_ARCHSAGE_W,44896
JID_SHAMAN,45016
JID_CAESER,45136
JID_CHANCELLOR,45256
JID_DRUID_SP,45488
JID_SUMMONER,45608
JID_BISHOP_SP,46180
JID_SAINT,46300
JID_SAINT_F,46420
JID_SAINT_SP,46540
JID_VALKYRIA,46780
JID_BLADEKNIGHT_SP,48216
JID_GLORYKNIGHT_SP,48328
JID_GREATKNIGHT_SP,48440
JID_ARROWKNIGHT_SP,48552
JID_GOLDKNIGHT_S,48668
JID_GOLDKNIGHT_A,48784
JID_GOLDKNIGHT_A/F,48900
JID_SILVERKNIGHT_L,49016
JID_SILVERKNIGHT_L/F,49132
JID_SILVERKNIGHT_B,49248
JID_FALCONKNIGHT_SP,49592
JID_ENLILKNIGHT,49712
JID_QUEEN,49832
JID_DRAGONMASTER_SP,50404
JID_RLINDWURM,50524
JID_RLINDWURM_F,50644
JID_LION,50868
JID_LION_GI,51100
JID_LION_CA,51340
JID_TIGER,51564
JID_CAT,51788
JID_CAT_F,52012
JID_WOLF,52236
JID_WOLF_F,52476
JID_HAWK,52724
JID_HAWK_TI,52988
JID_CROW,53236
JID_CROW_F,53484
JID_CROW_NA,53748
JID_EGRET,54004
JID_EGRET_RA,54236
JID_EGRET_LE,54492
JID_REDDRAGON,54716
JID_REDDRAGON_F,54940
JID_WHITEDRAGON,55164
JID_BLACKDRAGON,55408
JID_BLACKDRAGON_KU,55636
