﻿boyd,BOL
aran,BRA
caineghis,CAI
calill,CAL
brom,CHA
shinon,CHI
edward,EDD
ilyana,ELA
elincia,ERI
fiona,FRI
gatrie,GAT
geoffrey,GEO
giffca,GIF
haar,HAA
heather,HEA
janaff,JAN
jill,JIL
kieran,KEV
rhys,KIL
kyza,KIS
laura,LAU
ranulf,LAY
renning,LEN
leonardo,LEO
lyre,LIR
rolf,LOF
lucia,LUC
makalov,MAK
marcia,MAR
meg,MEG
mist,MIS
mordecai,MOR
maurim,MWA
naesala,NAE
nealuchi,NEA
nephenee,NEP
nailah,NIK
nolan,NOY
oliver,OLI
volug,OLU
oscar,OSC
pelleas,PEL
lethe,RET
soren,SEN
sigrun,SIG
skrimir,SKR
stefan,SOA
astrid,STE
tanith,TAN
tauroneo,TAU
titania,TIA
tibarn,TIB
tormod,TOP
bastian,ULY
vika,VIZ
volke,VOL
ulki,VUL
mia,WAY
danved,WUH
zihark,ZIH
kurthnaga,KUR
ena,ENA
