IID,Address (dec)
IID_DELICATESWORD,57160
IID_BRONZESWORD,57216
IID_IRONSWORD,57276
IID_STEELSWORD,57332
IID_SILVERSWORD,57388
IID_IRONBLADE,57444
IID_STEELBLADE,57500
IID_SILVERBLADE,57556
IID_POISONSWORD,57612
IID_BRAVESWORD,57672
IID_KILLSWORD,57732
IID_DRAGONKILLER,57788
IID_WATOU,57848
IID_CALADBORG,57904
IID_WINDSWORD,57980
IID_STORMSWORD,58040
IID_ENLILSWORD,58100
IID_VAGUEKATTI,58160
IID_FLORETE,58228
IID_ALONDITE,58296
IID_RAGNELL,58360
IID_ETTARD,58452
IID_AMITE,58532
IID_DELICATELANCE,58620
IID_BRONZELANCE,58676
IID_IRONLANCE,58736
IID_STEELLANCE,58792
IID_SILVERLANCE,58848
IID_IRONSPEAR,58904
IID_STEELSPEAR,58960
IID_SILVERSPEAR,59016
IID_POISONLANCE,59072
IID_BRAVELANCE,59132
IID_KILLERLANCE,59192
IID_HORSEKILLER,59248
IID_HANDSPEAR,59308
IID_SHORTSPEAR,59364
IID_SLENDERSPEAR,59420
IID_ZANEZPHTE,59476
IID_BRONZEAXE,59544
IID_IRONAXE,59608
IID_STEELAXE,59668
IID_SILVERAXE,59728
IID_IRONPOLEAXE,59788
IID_STEELPOLEAXE,59848
IID_SILVERPOLEAXE,59908
IID_POISONAXE,59968
IID_BRAVEAXE,60032
IID_KILLERAXE,60096
IID_HAMMER,60156
IID_HANDAXE,60220
IID_SHORTAXE,60280
IID_TOMAHAWK,60340
IID_TARVOS,60400
IID_URVAN,60480
IID_BRONZEBOW,60552
IID_IRONBOW,60620
IID_STEELBOW,60684
IID_SILVERBOW,60748
IID_IRONLONGBOW,60812
IID_STEELLONGBOW,60872
IID_SILVERLONGBOW,60932
IID_POISONBOW,60992
IID_KILLERBOW,61060
IID_BRAVEBOW,61124
IID_LOFABOW,61192
IID_CHINONBOW,61256
IID_LUGHNASAD,61320
IID_VALFLECHE,61404
IID_BOWGUN,61480
IID_CROSSBOW,61540
IID_TAKHSH,61600
IID_AQQAR,61660
IID_ARBALEST,61720
IID_LONGARCH,61780
IID_IRONARCH,61848
IID_KILLERARCH,61916
IID_ONAGER,61984
IID_BRONZEKNIFE,62056
IID_IRONKNIFE,62116
IID_STEELKNIFE,62172
IID_SILVERKNIFE,62228
IID_BRONZEDAGGER,62284
IID_IRONDAGGER,62344
IID_STEELDAGGER,62400
IID_SILVERDAGGER,62456
IID_KARD,62512
IID_STILETTO,62568
IID_BEASTKILLER,62624
IID_PESHKABZ,62684
IID_BASELARD,62740
IID_FIRE,62796
IID_ELFIRE,62856
IID_GIGAFIRE,62916
IID_BOLGANONE,62976
IID_REXFLAME,63036
IID_CYMBELINE,63108
IID_METEOR,63176
IID_THUNDER,63240
IID_ELTHUNDER,63300
IID_GIGATHUNDER,63360
IID_THORON,63420
IID_REXBOLT,63480
IID_THUNDERSTORM,63552
IID_WIND,63616
IID_ELWIND,63676
IID_GIGAWIND,63736
IID_TORNADO,63796
IID_REXCALIBUR,63856
IID_BLIZZARD,63928
IID_LIGHT,63992
IID_ELLIGHT,64048
IID_SHINE,64104
IID_RESIRE,64160
IID_VALAURA,64220
IID_REXAURA,64280
IID_PURGE,64348
IID_THANY,64408
IID_CREIDDYLED,64480
IID_WORM,64548
IID_KAREAU,64604
IID_UERINE,64660
IID_BARVERT,64716
IID_FENRIR,64784
IID_FLUTTER,68948
IID_LIVE,69012
IID_RELIVE,69072
IID_RECOVER,69132
IID_REBLOW,69192
IID_RESERVE,69252
IID_REST,69312
IID_SILENCE,69372
IID_ELSILENCE,69432
IID_SLEEP,69496
IID_ELSLEEP,69556
IID_RESCUE,69620
IID_REWARP,69688
IID_TORCH,69752
IID_HAMMERNE,69808
IID_UNLOCK,69876
IID_MSHIELD,69944
IID_MATRONA,70012
IID_GODDESSROD,70088
IID_LIONFANG1,64844
IID_LIONFANG2,64908
IID_LIONFANG3,64972
IID_KINGFANG1,65036
IID_KINGFANG2,65100
IID_KINGFANG3,65164
IID_TIGERFANG1,65228
IID_TIGERFANG2,65292
IID_TIGERFANG3,65356
IID_NAIL1,65420
IID_NAIL2,65484
IID_NAIL3,65548
IID_WOLFFANG1,65612
IID_WOLFFANG2,65676
IID_WOLFFANG3,65740
IID_KINGFANG_W1,65804
IID_KINGFANG_W2,65868
IID_KINGFANG_W3,65932
IID_CLAW1,65996
IID_CLAW2,66060
IID_CLAW3,66124
IID_KINGCLAW1,66188
IID_KINGCLAW2,66252
IID_KINGCLAW3,66316
IID_BEAK1,66380
IID_BEAK2,66444
IID_BEAK3,66508
IID_KINGBEAK1,66572
IID_KINGBEAK2,66636
IID_KINGBEAK3,66700
IID_REDBREATH1,66764
IID_REDBREATH2,66832
IID_REDBREATH3,66900
IID_WHITEBREATH1,66968
IID_WHITEBREATH2,67036
IID_WHITEBREATH3,67104
IID_BLACKBREATH_K1,67172
IID_BLACKBREATH_K2,67240
IID_BLACKBREATH_K3,67308
IID_BLACKBREATH1,67376
IID_BLACKBREATH2,67444
IID_BLACKBREATH3,67512