JID,location of weap caps
JID_BRAVE,37529
JID_VANGUARD,37641
JID_BLADE,37757
JID_SWORDMASTER,37865
JID_SWORDMASTER_F,37977
JID_SWORDMASTER_SP,38089
JID_SWORDESCHATOS,38201
JID_SWORDESCHATOS_F,38317
JID_SOLDIER,38433
JID_HALBERDIER,38537
JID_HALBERDIER_F,38649
JID_HALBERDIER_SP,38761
JID_HOLYLANCER,38873
JID_HOLYLANCER_F,38989
JID_FIGHTER,39105
JID_WARRIOR,39209
JID_WARRIOR_SP,39321
JID_AXBRAVE,39437
JID_ARCHER,39557
JID_SNIPER,39665
JID_SNIPER_SP,39785
JID_SAGITTARY,39905
JID_LANCEARMOR,40033
JID_AXARMOR,40141
JID_SWORDARMOR,40249
JID_SWORDARMOR_F,40357
JID_GLORYDUX,40465
JID_GREATDUX,40577
JID_BLADEDUX,40689
JID_BLADEDUX_F,40801
JID_GLORYDUX_SP,40913
JID_GREATDUX_SP,41025
JID_BLADEDUX_SP,41137
JID_MARSHAL_L,41249
JID_MARSHAL_A,41365
JID_MARSHAL_S/F,41481
JID_MARSHAL_Z,41597
JID_DARKKNIGHT,41713
JID_THIEF,41829
JID_ROGUE,41941
JID_ROGUE_F,42061
JID_ESPION,42177
JID_ESPION_F,42297
JID_ASSASSIN,42417
JID_BANDIT,42533
JID_FIREMAGE,42641
JID_THUNDERMAGE,42753
JID_THUNDERMAGE_F,42865
JID_WINDMAGE,42977
JID_LIGHTMAGE,43089
JID_FIRESAGE,43205
JID_FIRESAGE_F,43321
JID_THUNDERSAGE,43437
JID_THUNDERSAGE_F,43553
JID_WINDSAGE,43669
JID_LIGHTSAGE,43785
JID_DARKSAGE,43905
JID_FIRESAGE_SP,44021
JID_THUNDERSAGE_SP,44137
JID_WINDSAGE_SP,44253
JID_ARCHSAGE_F,44369
JID_ARCHSAGE_F/F,44489
JID_ARCHSAGE_T,44609
JID_ARCHSAGE_T/F,44729
JID_ARCHSAGE_W,44849
JID_SHAMAN,44969
JID_CAESER,45089
JID_CHANCELLOR,45209
JID_DRUID,45329
JID_DRUID_SP,45445
JID_SUMMONER,45561
JID_PRIEST,45681
JID_PRIEST_F,45793
JID_BISHOP,45905
JID_BISHOP_F,46021
JID_BISHOP_SP,46137
JID_SAINT,46253
JID_SAINT_F,46373
JID_SAINT_SP,46493
JID_CLERIC,46613
JID_VALKYRIA,46729
JID_SWORDKNIGHT,46853
JID_LANCEKNIGHT,46961
JID_LANCEKNIGHT_F,47069
JID_AXEKNIGHT,47177
JID_BOWKNIGHT,47285
JID_BLADEKNIGHT,47393
JID_GLORYKNIGHT,47505
JID_GLORYKNIGHT_F,47617
JID_GREATKNIGHT,47729
JID_GREATKNIGHT_F,47841
JID_ARROWKNIGHT,47953
JID_ARROWKNIGHT_F,48065
JID_BLADEKNIGHT_SP,48177
JID_GLORYKNIGHT_SP,48289
JID_GREATKNIGHT_SP,48401
JID_ARROWKNIGHT_SP,48513
JID_GOLDKNIGHT_S,48625
JID_GOLDKNIGHT_A,48741
JID_GOLDKNIGHT_A/F,48857
JID_SILVERKNIGHT_L,48973
JID_SILVERKNIGHT_L/F,49089
JID_SILVERKNIGHT_B,49205
JID_PEGASUSKNIGHT,49321
JID_FALCONKNIGHT,49433
JID_FALCONKNIGHT_SP,49549
JID_ENLILKNIGHT,49665
JID_QUEEN,49785
JID_DRAGONKNIGHT,49905
JID_DRAGONKNIGHT_F,50017
JID_DRAGONMASTER,50129
JID_DRAGONMASTER_F,50245
JID_DRAGONMASTER_SP,50361
JID_RLINDWURM,50477
JID_RLINDWURM_F,50597
JID_BEASTTRIBE_L,50717
JID_LION,50825
JID_KINGLION_GI,50941
JID_LION_GI,51053
JID_KINGLION,51173
JID_LION_CA,51289
JID_BEASTTRIBE_T,51413
JID_TIGER,51521
JID_BEASTTRIBE_C,51637
JID_CAT,51745
JID_BEASTTRIBE_C/F,51861
JID_CAT_F,51969
JID_BEASTTRIBE_W,52085
JID_WOLF,52193
JID_QUEENWOLF,52309
JID_WOLF_F,52425
JID_BIRDTRIBE_H,52549
JID_HAWK,52669
JID_KINGHAWK,52797
JID_HAWK_TI,52925
JID_BIRDTRIBE_C,53061
JID_CROW,53181
JID_BIRDTRIBE_C/F,53309
JID_CROW_F,53429
JID_KINGCROW,53557
JID_CROW_NA,53685
JID_PRINCEEGRET,53821
JID_EGRET,53945
JID_PRINCEEGRET_RA,54077
JID_EGRET_RA,54189
JID_PRINCESSEGRET,54309
JID_EGRET_LE,54433
JID_DRAGONTRIBE_R,54565
JID_REDDRAGON,54673
JID_DRAGONTRIBE_R/F,54789
JID_REDDRAGON_F,54897
JID_DRAGONTRIBE_W,55013
JID_WHITEDRAGON,55121
JID_DRAGONKING,55237
JID_BLACKDRAGON,55353
JID_DRAGONPRINCE,55481
JID_BLACKDRAGON_KU,55589
